<?xml version="1.0" encoding="UTF-8" standalone="yes" ?>
<!DOCTYPE boost_serialization>
<boost_serialization signature="serialization::archive" version="9">
<tracklets class_id="0" tracking_level="0" version="0">
	<count>1</count>
	<item_version>1</item_version> 
	<item class_id="1" tracking_level="0" version="1">
		<objectType>Car</objectType>
		<h>1.700000</h>
		<w>1.700000</w>
		<l>4.300000</l>
		<first_frame>0</first_frame>
		<poses class_id="2" tracking_level="0" version="0">
			<count>166</count>
			<item_version>2</item_version>
			<item class_id="3" tracking_level="0" version="2">
				<tx>25.667058</tx>
				<ty>-0.452640</ty>
				<tz>-0.900000</tz>
				<rx>0.000000</rx>
				<ry>0.000000</ry>
				<rz>-0.104105</rz>
				<state>1</state>
				<occlusion>-1</occlusion>
				<occlusion_kf>-1</occlusion_kf>
				<truncation>-1</truncation>
				<amt_occlusion>0.0</amt_occlusion>
				<amt_occlusion_kf>-1</amt_occlusion_kf>
				<amt_border_l>0.0</amt_border_l>
				<amt_border_r>0.0</amt_border_r>
				<amt_border_kf>-1</amt_border_kf>
			</item>
			<item>
				<tx>25.667058</tx>
				<ty>-0.452640</ty>
				<tz>-0.900000</tz>
				<rx>0.000000</rx>
				<ry>0.000000</ry>
				<rz>-0.104105</rz>
				<state>1</state>
				<occlusion>-1</occlusion>
				<occlusion_kf>-1</occlusion_kf>
				<truncation>-1</truncation>
				<amt_occlusion>0.0</amt_occlusion>
				<amt_occlusion_kf>-1</amt_occlusion_kf>
				<amt_border_l>0.0</amt_border_l>
				<amt_border_r>0.0</amt_border_r>
				<amt_border_kf>-1</amt_border_kf>
			</item>
			<item>
				<tx>25.667058</tx>
				<ty>-0.452640</ty>
				<tz>-0.900000</tz>
				<rx>0.000000</rx>
				<ry>0.000000</ry>
				<rz>-0.104105</rz>
				<state>1</state>
				<occlusion>-1</occlusion>
				<occlusion_kf>-1</occlusion_kf>
				<truncation>-1</truncation>
				<amt_occlusion>0.0</amt_occlusion>
				<amt_occlusion_kf>-1</amt_occlusion_kf>
				<amt_border_l>0.0</amt_border_l>
				<amt_border_r>0.0</amt_border_r>
				<amt_border_kf>-1</amt_border_kf>
			</item>
			<item>
				<tx>25.682096</tx>
				<ty>-0.509482</ty>
				<tz>-0.900000</tz>
				<rx>0.000000</rx>
				<ry>0.000000</ry>
				<rz>-0.071749</rz>
				<state>1</state>
				<occlusion>-1</occlusion>
				<occlusion_kf>-1</occlusion_kf>
				<truncation>-1</truncation>
				<amt_occlusion>0.0</amt_occlusion>
				<amt_occlusion_kf>-1</amt_occlusion_kf>
				<amt_border_l>0.0</amt_border_l>
				<amt_border_r>0.0</amt_border_r>
				<amt_border_kf>-1</amt_border_kf>
			</item>
			<item>
				<tx>25.682096</tx>
				<ty>-0.509482</ty>
				<tz>-0.900000</tz>
				<rx>0.000000</rx>
				<ry>0.000000</ry>
				<rz>-0.071749</rz>
				<state>1</state>
				<occlusion>-1</occlusion>
				<occlusion_kf>-1</occlusion_kf>
				<truncation>-1</truncation>
				<amt_occlusion>0.0</amt_occlusion>
				<amt_occlusion_kf>-1</amt_occlusion_kf>
				<amt_border_l>0.0</amt_border_l>
				<amt_border_r>0.0</amt_border_r>
				<amt_border_kf>-1</amt_border_kf>
			</item>
			<item>
				<tx>25.633762</tx>
				<ty>-0.485782</ty>
				<tz>-0.900000</tz>
				<rx>0.000000</rx>
				<ry>0.000000</ry>
				<rz>-0.101613</rz>
				<state>1</state>
				<occlusion>-1</occlusion>
				<occlusion_kf>-1</occlusion_kf>
				<truncation>-1</truncation>
				<amt_occlusion>0.0</amt_occlusion>
				<amt_occlusion_kf>-1</amt_occlusion_kf>
				<amt_border_l>0.0</amt_border_l>
				<amt_border_r>0.0</amt_border_r>
				<amt_border_kf>-1</amt_border_kf>
			</item>
			<item>
				<tx>25.633762</tx>
				<ty>-0.485782</ty>
				<tz>-0.900000</tz>
				<rx>0.000000</rx>
				<ry>0.000000</ry>
				<rz>-0.101613</rz>
				<state>1</state>
				<occlusion>-1</occlusion>
				<occlusion_kf>-1</occlusion_kf>
				<truncation>-1</truncation>
				<amt_occlusion>0.0</amt_occlusion>
				<amt_occlusion_kf>-1</amt_occlusion_kf>
				<amt_border_l>0.0</amt_border_l>
				<amt_border_r>0.0</amt_border_r>
				<amt_border_kf>-1</amt_border_kf>
			</item>
			<item>
				<tx>25.628538</tx>
				<ty>-0.557587</ty>
				<tz>-0.900000</tz>
				<rx>0.000000</rx>
				<ry>0.000000</ry>
				<rz>-0.151911</rz>
				<state>1</state>
				<occlusion>-1</occlusion>
				<occlusion_kf>-1</occlusion_kf>
				<truncation>-1</truncation>
				<amt_occlusion>0.0</amt_occlusion>
				<amt_occlusion_kf>-1</amt_occlusion_kf>
				<amt_border_l>0.0</amt_border_l>
				<amt_border_r>0.0</amt_border_r>
				<amt_border_kf>-1</amt_border_kf>
			</item>
			<item>
				<tx>25.628538</tx>
				<ty>-0.557587</ty>
				<tz>-0.900000</tz>
				<rx>0.000000</rx>
				<ry>0.000000</ry>
				<rz>-0.151911</rz>
				<state>1</state>
				<occlusion>-1</occlusion>
				<occlusion_kf>-1</occlusion_kf>
				<truncation>-1</truncation>
				<amt_occlusion>0.0</amt_occlusion>
				<amt_occlusion_kf>-1</amt_occlusion_kf>
				<amt_border_l>0.0</amt_border_l>
				<amt_border_r>0.0</amt_border_r>
				<amt_border_kf>-1</amt_border_kf>
			</item>
			<item>
				<tx>25.628538</tx>
				<ty>-0.557587</ty>
				<tz>-0.900000</tz>
				<rx>0.000000</rx>
				<ry>0.000000</ry>
				<rz>-0.151911</rz>
				<state>1</state>
				<occlusion>-1</occlusion>
				<occlusion_kf>-1</occlusion_kf>
				<truncation>-1</truncation>
				<amt_occlusion>0.0</amt_occlusion>
				<amt_occlusion_kf>-1</amt_occlusion_kf>
				<amt_border_l>0.0</amt_border_l>
				<amt_border_r>0.0</amt_border_r>
				<amt_border_kf>-1</amt_border_kf>
			</item>
			<item>
				<tx>25.508960</tx>
				<ty>-0.489560</ty>
				<tz>-0.900000</tz>
				<rx>0.000000</rx>
				<ry>0.000000</ry>
				<rz>-0.041666</rz>
				<state>1</state>
				<occlusion>-1</occlusion>
				<occlusion_kf>-1</occlusion_kf>
				<truncation>-1</truncation>
				<amt_occlusion>0.0</amt_occlusion>
				<amt_occlusion_kf>-1</amt_occlusion_kf>
				<amt_border_l>0.0</amt_border_l>
				<amt_border_r>0.0</amt_border_r>
				<amt_border_kf>-1</amt_border_kf>
			</item>
			<item>
				<tx>25.508960</tx>
				<ty>-0.489560</ty>
				<tz>-0.900000</tz>
				<rx>0.000000</rx>
				<ry>0.000000</ry>
				<rz>-0.041666</rz>
				<state>1</state>
				<occlusion>-1</occlusion>
				<occlusion_kf>-1</occlusion_kf>
				<truncation>-1</truncation>
				<amt_occlusion>0.0</amt_occlusion>
				<amt_occlusion_kf>-1</amt_occlusion_kf>
				<amt_border_l>0.0</amt_border_l>
				<amt_border_r>0.0</amt_border_r>
				<amt_border_kf>-1</amt_border_kf>
			</item>
			<item>
				<tx>25.481647</tx>
				<ty>-0.509421</ty>
				<tz>-0.900000</tz>
				<rx>0.000000</rx>
				<ry>0.000000</ry>
				<rz>-0.075814</rz>
				<state>1</state>
				<occlusion>-1</occlusion>
				<occlusion_kf>-1</occlusion_kf>
				<truncation>-1</truncation>
				<amt_occlusion>0.0</amt_occlusion>
				<amt_occlusion_kf>-1</amt_occlusion_kf>
				<amt_border_l>0.0</amt_border_l>
				<amt_border_r>0.0</amt_border_r>
				<amt_border_kf>-1</amt_border_kf>
			</item>
			<item>
				<tx>25.481647</tx>
				<ty>-0.509421</ty>
				<tz>-0.900000</tz>
				<rx>0.000000</rx>
				<ry>0.000000</ry>
				<rz>-0.075814</rz>
				<state>1</state>
				<occlusion>-1</occlusion>
				<occlusion_kf>-1</occlusion_kf>
				<truncation>-1</truncation>
				<amt_occlusion>0.0</amt_occlusion>
				<amt_occlusion_kf>-1</amt_occlusion_kf>
				<amt_border_l>0.0</amt_border_l>
				<amt_border_r>0.0</amt_border_r>
				<amt_border_kf>-1</amt_border_kf>
			</item>
			<item>
				<tx>25.481647</tx>
				<ty>-0.509421</ty>
				<tz>-0.900000</tz>
				<rx>0.000000</rx>
				<ry>0.000000</ry>
				<rz>-0.075814</rz>
				<state>1</state>
				<occlusion>-1</occlusion>
				<occlusion_kf>-1</occlusion_kf>
				<truncation>-1</truncation>
				<amt_occlusion>0.0</amt_occlusion>
				<amt_occlusion_kf>-1</amt_occlusion_kf>
				<amt_border_l>0.0</amt_border_l>
				<amt_border_r>0.0</amt_border_r>
				<amt_border_kf>-1</amt_border_kf>
			</item>
			<item>
				<tx>25.407802</tx>
				<ty>-0.466935</ty>
				<tz>-0.900000</tz>
				<rx>0.000000</rx>
				<ry>0.000000</ry>
				<rz>-0.033776</rz>
				<state>1</state>
				<occlusion>-1</occlusion>
				<occlusion_kf>-1</occlusion_kf>
				<truncation>-1</truncation>
				<amt_occlusion>0.0</amt_occlusion>
				<amt_occlusion_kf>-1</amt_occlusion_kf>
				<amt_border_l>0.0</amt_border_l>
				<amt_border_r>0.0</amt_border_r>
				<amt_border_kf>-1</amt_border_kf>
			</item>
			<item>
				<tx>25.407802</tx>
				<ty>-0.466935</ty>
				<tz>-0.900000</tz>
				<rx>0.000000</rx>
				<ry>0.000000</ry>
				<rz>-0.033776</rz>
				<state>1</state>
				<occlusion>-1</occlusion>
				<occlusion_kf>-1</occlusion_kf>
				<truncation>-1</truncation>
				<amt_occlusion>0.0</amt_occlusion>
				<amt_occlusion_kf>-1</amt_occlusion_kf>
				<amt_border_l>0.0</amt_border_l>
				<amt_border_r>0.0</amt_border_r>
				<amt_border_kf>-1</amt_border_kf>
			</item>
			<item>
				<tx>24.636684</tx>
				<ty>-0.369520</ty>
				<tz>-0.900000</tz>
				<rx>0.000000</rx>
				<ry>0.000000</ry>
				<rz>-0.033168</rz>
				<state>1</state>
				<occlusion>-1</occlusion>
				<occlusion_kf>-1</occlusion_kf>
				<truncation>-1</truncation>
				<amt_occlusion>0.0</amt_occlusion>
				<amt_occlusion_kf>-1</amt_occlusion_kf>
				<amt_border_l>0.0</amt_border_l>
				<amt_border_r>0.0</amt_border_r>
				<amt_border_kf>-1</amt_border_kf>
			</item>
			<item>
				<tx>24.636684</tx>
				<ty>-0.369520</ty>
				<tz>-0.900000</tz>
				<rx>0.000000</rx>
				<ry>0.000000</ry>
				<rz>-0.033168</rz>
				<state>1</state>
				<occlusion>-1</occlusion>
				<occlusion_kf>-1</occlusion_kf>
				<truncation>-1</truncation>
				<amt_occlusion>0.0</amt_occlusion>
				<amt_occlusion_kf>-1</amt_occlusion_kf>
				<amt_border_l>0.0</amt_border_l>
				<amt_border_r>0.0</amt_border_r>
				<amt_border_kf>-1</amt_border_kf>
			</item>
			<item>
				<tx>24.334005</tx>
				<ty>-0.507313</ty>
				<tz>-0.900000</tz>
				<rx>0.000000</rx>
				<ry>0.000000</ry>
				<rz>-0.136464</rz>
				<state>1</state>
				<occlusion>-1</occlusion>
				<occlusion_kf>-1</occlusion_kf>
				<truncation>-1</truncation>
				<amt_occlusion>0.0</amt_occlusion>
				<amt_occlusion_kf>-1</amt_occlusion_kf>
				<amt_border_l>0.0</amt_border_l>
				<amt_border_r>0.0</amt_border_r>
				<amt_border_kf>-1</amt_border_kf>
			</item>
			<item>
				<tx>24.334005</tx>
				<ty>-0.507313</ty>
				<tz>-0.900000</tz>
				<rx>0.000000</rx>
				<ry>0.000000</ry>
				<rz>-0.136464</rz>
				<state>1</state>
				<occlusion>-1</occlusion>
				<occlusion_kf>-1</occlusion_kf>
				<truncation>-1</truncation>
				<amt_occlusion>0.0</amt_occlusion>
				<amt_occlusion_kf>-1</amt_occlusion_kf>
				<amt_border_l>0.0</amt_border_l>
				<amt_border_r>0.0</amt_border_r>
				<amt_border_kf>-1</amt_border_kf>
			</item>
			<item>
				<tx>24.334005</tx>
				<ty>-0.507313</ty>
				<tz>-0.900000</tz>
				<rx>0.000000</rx>
				<ry>0.000000</ry>
				<rz>-0.136464</rz>
				<state>1</state>
				<occlusion>-1</occlusion>
				<occlusion_kf>-1</occlusion_kf>
				<truncation>-1</truncation>
				<amt_occlusion>0.0</amt_occlusion>
				<amt_occlusion_kf>-1</amt_occlusion_kf>
				<amt_border_l>0.0</amt_border_l>
				<amt_border_r>0.0</amt_border_r>
				<amt_border_kf>-1</amt_border_kf>
			</item>
			<item>
				<tx>24.110799</tx>
				<ty>-0.398700</ty>
				<tz>-0.900000</tz>
				<rx>0.000000</rx>
				<ry>0.000000</ry>
				<rz>-0.136226</rz>
				<state>1</state>
				<occlusion>-1</occlusion>
				<occlusion_kf>-1</occlusion_kf>
				<truncation>-1</truncation>
				<amt_occlusion>0.0</amt_occlusion>
				<amt_occlusion_kf>-1</amt_occlusion_kf>
				<amt_border_l>0.0</amt_border_l>
				<amt_border_r>0.0</amt_border_r>
				<amt_border_kf>-1</amt_border_kf>
			</item>
			<item>
				<tx>24.110799</tx>
				<ty>-0.398700</ty>
				<tz>-0.900000</tz>
				<rx>0.000000</rx>
				<ry>0.000000</ry>
				<rz>-0.136226</rz>
				<state>1</state>
				<occlusion>-1</occlusion>
				<occlusion_kf>-1</occlusion_kf>
				<truncation>-1</truncation>
				<amt_occlusion>0.0</amt_occlusion>
				<amt_occlusion_kf>-1</amt_occlusion_kf>
				<amt_border_l>0.0</amt_border_l>
				<amt_border_r>0.0</amt_border_r>
				<amt_border_kf>-1</amt_border_kf>
			</item>
			<item>
				<tx>23.959401</tx>
				<ty>-0.408750</ty>
				<tz>-0.900000</tz>
				<rx>0.000000</rx>
				<ry>0.000000</ry>
				<rz>-0.136943</rz>
				<state>1</state>
				<occlusion>-1</occlusion>
				<occlusion_kf>-1</occlusion_kf>
				<truncation>-1</truncation>
				<amt_occlusion>0.0</amt_occlusion>
				<amt_occlusion_kf>-1</amt_occlusion_kf>
				<amt_border_l>0.0</amt_border_l>
				<amt_border_r>0.0</amt_border_r>
				<amt_border_kf>-1</amt_border_kf>
			</item>
			<item>
				<tx>23.959401</tx>
				<ty>-0.408750</ty>
				<tz>-0.900000</tz>
				<rx>0.000000</rx>
				<ry>0.000000</ry>
				<rz>-0.136943</rz>
				<state>1</state>
				<occlusion>-1</occlusion>
				<occlusion_kf>-1</occlusion_kf>
				<truncation>-1</truncation>
				<amt_occlusion>0.0</amt_occlusion>
				<amt_occlusion_kf>-1</amt_occlusion_kf>
				<amt_border_l>0.0</amt_border_l>
				<amt_border_r>0.0</amt_border_r>
				<amt_border_kf>-1</amt_border_kf>
			</item>
			<item>
				<tx>23.959401</tx>
				<ty>-0.408750</ty>
				<tz>-0.900000</tz>
				<rx>0.000000</rx>
				<ry>0.000000</ry>
				<rz>-0.136943</rz>
				<state>1</state>
				<occlusion>-1</occlusion>
				<occlusion_kf>-1</occlusion_kf>
				<truncation>-1</truncation>
				<amt_occlusion>0.0</amt_occlusion>
				<amt_occlusion_kf>-1</amt_occlusion_kf>
				<amt_border_l>0.0</amt_border_l>
				<amt_border_r>0.0</amt_border_r>
				<amt_border_kf>-1</amt_border_kf>
			</item>
			<item>
				<tx>23.298650</tx>
				<ty>-0.408558</ty>
				<tz>-0.900000</tz>
				<rx>0.000000</rx>
				<ry>0.000000</ry>
				<rz>-0.160907</rz>
				<state>1</state>
				<occlusion>-1</occlusion>
				<occlusion_kf>-1</occlusion_kf>
				<truncation>-1</truncation>
				<amt_occlusion>0.0</amt_occlusion>
				<amt_occlusion_kf>-1</amt_occlusion_kf>
				<amt_border_l>0.0</amt_border_l>
				<amt_border_r>0.0</amt_border_r>
				<amt_border_kf>-1</amt_border_kf>
			</item>
			<item>
				<tx>23.298650</tx>
				<ty>-0.408558</ty>
				<tz>-0.900000</tz>
				<rx>0.000000</rx>
				<ry>0.000000</ry>
				<rz>-0.160907</rz>
				<state>1</state>
				<occlusion>-1</occlusion>
				<occlusion_kf>-1</occlusion_kf>
				<truncation>-1</truncation>
				<amt_occlusion>0.0</amt_occlusion>
				<amt_occlusion_kf>-1</amt_occlusion_kf>
				<amt_border_l>0.0</amt_border_l>
				<amt_border_r>0.0</amt_border_r>
				<amt_border_kf>-1</amt_border_kf>
			</item>
			<item>
				<tx>23.151296</tx>
				<ty>-0.297391</ty>
				<tz>-0.900000</tz>
				<rx>0.000000</rx>
				<ry>0.000000</ry>
				<rz>-0.133533</rz>
				<state>1</state>
				<occlusion>-1</occlusion>
				<occlusion_kf>-1</occlusion_kf>
				<truncation>-1</truncation>
				<amt_occlusion>0.0</amt_occlusion>
				<amt_occlusion_kf>-1</amt_occlusion_kf>
				<amt_border_l>0.0</amt_border_l>
				<amt_border_r>0.0</amt_border_r>
				<amt_border_kf>-1</amt_border_kf>
			</item>
			<item>
				<tx>23.151296</tx>
				<ty>-0.297391</ty>
				<tz>-0.900000</tz>
				<rx>0.000000</rx>
				<ry>0.000000</ry>
				<rz>-0.133533</rz>
				<state>1</state>
				<occlusion>-1</occlusion>
				<occlusion_kf>-1</occlusion_kf>
				<truncation>-1</truncation>
				<amt_occlusion>0.0</amt_occlusion>
				<amt_occlusion_kf>-1</amt_occlusion_kf>
				<amt_border_l>0.0</amt_border_l>
				<amt_border_r>0.0</amt_border_r>
				<amt_border_kf>-1</amt_border_kf>
			</item>
			<item>
				<tx>22.717515</tx>
				<ty>-0.272684</ty>
				<tz>-0.900000</tz>
				<rx>0.000000</rx>
				<ry>0.000000</ry>
				<rz>-0.071411</rz>
				<state>1</state>
				<occlusion>-1</occlusion>
				<occlusion_kf>-1</occlusion_kf>
				<truncation>-1</truncation>
				<amt_occlusion>0.0</amt_occlusion>
				<amt_occlusion_kf>-1</amt_occlusion_kf>
				<amt_border_l>0.0</amt_border_l>
				<amt_border_r>0.0</amt_border_r>
				<amt_border_kf>-1</amt_border_kf>
			</item>
			<item>
				<tx>22.717515</tx>
				<ty>-0.272684</ty>
				<tz>-0.900000</tz>
				<rx>0.000000</rx>
				<ry>0.000000</ry>
				<rz>-0.071411</rz>
				<state>1</state>
				<occlusion>-1</occlusion>
				<occlusion_kf>-1</occlusion_kf>
				<truncation>-1</truncation>
				<amt_occlusion>0.0</amt_occlusion>
				<amt_occlusion_kf>-1</amt_occlusion_kf>
				<amt_border_l>0.0</amt_border_l>
				<amt_border_r>0.0</amt_border_r>
				<amt_border_kf>-1</amt_border_kf>
			</item>
			<item>
				<tx>22.717515</tx>
				<ty>-0.272684</ty>
				<tz>-0.900000</tz>
				<rx>0.000000</rx>
				<ry>0.000000</ry>
				<rz>-0.071411</rz>
				<state>1</state>
				<occlusion>-1</occlusion>
				<occlusion_kf>-1</occlusion_kf>
				<truncation>-1</truncation>
				<amt_occlusion>0.0</amt_occlusion>
				<amt_occlusion_kf>-1</amt_occlusion_kf>
				<amt_border_l>0.0</amt_border_l>
				<amt_border_r>0.0</amt_border_r>
				<amt_border_kf>-1</amt_border_kf>
			</item>
			<item>
				<tx>22.499589</tx>
				<ty>-0.212076</ty>
				<tz>-0.900000</tz>
				<rx>0.000000</rx>
				<ry>0.000000</ry>
				<rz>-0.042972</rz>
				<state>1</state>
				<occlusion>-1</occlusion>
				<occlusion_kf>-1</occlusion_kf>
				<truncation>-1</truncation>
				<amt_occlusion>0.0</amt_occlusion>
				<amt_occlusion_kf>-1</amt_occlusion_kf>
				<amt_border_l>0.0</amt_border_l>
				<amt_border_r>0.0</amt_border_r>
				<amt_border_kf>-1</amt_border_kf>
			</item>
			<item>
				<tx>22.499589</tx>
				<ty>-0.212076</ty>
				<tz>-0.900000</tz>
				<rx>0.000000</rx>
				<ry>0.000000</ry>
				<rz>-0.042972</rz>
				<state>1</state>
				<occlusion>-1</occlusion>
				<occlusion_kf>-1</occlusion_kf>
				<truncation>-1</truncation>
				<amt_occlusion>0.0</amt_occlusion>
				<amt_occlusion_kf>-1</amt_occlusion_kf>
				<amt_border_l>0.0</amt_border_l>
				<amt_border_r>0.0</amt_border_r>
				<amt_border_kf>-1</amt_border_kf>
			</item>
			<item>
				<tx>22.294557</tx>
				<ty>-0.082328</ty>
				<tz>-0.900000</tz>
				<rx>0.000000</rx>
				<ry>0.000000</ry>
				<rz>0.018476</rz>
				<state>1</state>
				<occlusion>-1</occlusion>
				<occlusion_kf>-1</occlusion_kf>
				<truncation>-1</truncation>
				<amt_occlusion>0.0</amt_occlusion>
				<amt_occlusion_kf>-1</amt_occlusion_kf>
				<amt_border_l>0.0</amt_border_l>
				<amt_border_r>0.0</amt_border_r>
				<amt_border_kf>-1</amt_border_kf>
			</item>
			<item>
				<tx>22.294557</tx>
				<ty>-0.082328</ty>
				<tz>-0.900000</tz>
				<rx>0.000000</rx>
				<ry>0.000000</ry>
				<rz>0.018476</rz>
				<state>1</state>
				<occlusion>-1</occlusion>
				<occlusion_kf>-1</occlusion_kf>
				<truncation>-1</truncation>
				<amt_occlusion>0.0</amt_occlusion>
				<amt_occlusion_kf>-1</amt_occlusion_kf>
				<amt_border_l>0.0</amt_border_l>
				<amt_border_r>0.0</amt_border_r>
				<amt_border_kf>-1</amt_border_kf>
			</item>
			<item>
				<tx>22.294557</tx>
				<ty>-0.082328</ty>
				<tz>-0.900000</tz>
				<rx>0.000000</rx>
				<ry>0.000000</ry>
				<rz>0.018476</rz>
				<state>1</state>
				<occlusion>-1</occlusion>
				<occlusion_kf>-1</occlusion_kf>
				<truncation>-1</truncation>
				<amt_occlusion>0.0</amt_occlusion>
				<amt_occlusion_kf>-1</amt_occlusion_kf>
				<amt_border_l>0.0</amt_border_l>
				<amt_border_r>0.0</amt_border_r>
				<amt_border_kf>-1</amt_border_kf>
			</item>
			<item>
				<tx>21.452455</tx>
				<ty>-0.126935</ty>
				<tz>-0.900000</tz>
				<rx>0.000000</rx>
				<ry>0.000000</ry>
				<rz>0.001092</rz>
				<state>1</state>
				<occlusion>-1</occlusion>
				<occlusion_kf>-1</occlusion_kf>
				<truncation>-1</truncation>
				<amt_occlusion>0.0</amt_occlusion>
				<amt_occlusion_kf>-1</amt_occlusion_kf>
				<amt_border_l>0.0</amt_border_l>
				<amt_border_r>0.0</amt_border_r>
				<amt_border_kf>-1</amt_border_kf>
			</item>
			<item>
				<tx>21.452455</tx>
				<ty>-0.126935</ty>
				<tz>-0.900000</tz>
				<rx>0.000000</rx>
				<ry>0.000000</ry>
				<rz>0.001092</rz>
				<state>1</state>
				<occlusion>-1</occlusion>
				<occlusion_kf>-1</occlusion_kf>
				<truncation>-1</truncation>
				<amt_occlusion>0.0</amt_occlusion>
				<amt_occlusion_kf>-1</amt_occlusion_kf>
				<amt_border_l>0.0</amt_border_l>
				<amt_border_r>0.0</amt_border_r>
				<amt_border_kf>-1</amt_border_kf>
			</item>
			<item>
				<tx>20.928420</tx>
				<ty>-0.113251</ty>
				<tz>-0.900000</tz>
				<rx>0.000000</rx>
				<ry>0.000000</ry>
				<rz>0.000727</rz>
				<state>1</state>
				<occlusion>-1</occlusion>
				<occlusion_kf>-1</occlusion_kf>
				<truncation>-1</truncation>
				<amt_occlusion>0.0</amt_occlusion>
				<amt_occlusion_kf>-1</amt_occlusion_kf>
				<amt_border_l>0.0</amt_border_l>
				<amt_border_r>0.0</amt_border_r>
				<amt_border_kf>-1</amt_border_kf>
			</item>
			<item>
				<tx>20.928420</tx>
				<ty>-0.113251</ty>
				<tz>-0.900000</tz>
				<rx>0.000000</rx>
				<ry>0.000000</ry>
				<rz>0.000727</rz>
				<state>1</state>
				<occlusion>-1</occlusion>
				<occlusion_kf>-1</occlusion_kf>
				<truncation>-1</truncation>
				<amt_occlusion>0.0</amt_occlusion>
				<amt_occlusion_kf>-1</amt_occlusion_kf>
				<amt_border_l>0.0</amt_border_l>
				<amt_border_r>0.0</amt_border_r>
				<amt_border_kf>-1</amt_border_kf>
			</item>
			<item>
				<tx>20.262832</tx>
				<ty>-0.144153</ty>
				<tz>-0.900000</tz>
				<rx>0.000000</rx>
				<ry>0.000000</ry>
				<rz>-0.122412</rz>
				<state>1</state>
				<occlusion>-1</occlusion>
				<occlusion_kf>-1</occlusion_kf>
				<truncation>-1</truncation>
				<amt_occlusion>0.0</amt_occlusion>
				<amt_occlusion_kf>-1</amt_occlusion_kf>
				<amt_border_l>0.0</amt_border_l>
				<amt_border_r>0.0</amt_border_r>
				<amt_border_kf>-1</amt_border_kf>
			</item>
			<item>
				<tx>20.262832</tx>
				<ty>-0.144153</ty>
				<tz>-0.900000</tz>
				<rx>0.000000</rx>
				<ry>0.000000</ry>
				<rz>-0.122412</rz>
				<state>1</state>
				<occlusion>-1</occlusion>
				<occlusion_kf>-1</occlusion_kf>
				<truncation>-1</truncation>
				<amt_occlusion>0.0</amt_occlusion>
				<amt_occlusion_kf>-1</amt_occlusion_kf>
				<amt_border_l>0.0</amt_border_l>
				<amt_border_r>0.0</amt_border_r>
				<amt_border_kf>-1</amt_border_kf>
			</item>
			<item>
				<tx>20.262832</tx>
				<ty>-0.144153</ty>
				<tz>-0.900000</tz>
				<rx>0.000000</rx>
				<ry>0.000000</ry>
				<rz>-0.122412</rz>
				<state>1</state>
				<occlusion>-1</occlusion>
				<occlusion_kf>-1</occlusion_kf>
				<truncation>-1</truncation>
				<amt_occlusion>0.0</amt_occlusion>
				<amt_occlusion_kf>-1</amt_occlusion_kf>
				<amt_border_l>0.0</amt_border_l>
				<amt_border_r>0.0</amt_border_r>
				<amt_border_kf>-1</amt_border_kf>
			</item>
			<item>
				<tx>19.890087</tx>
				<ty>-0.021937</ty>
				<tz>-0.900000</tz>
				<rx>0.000000</rx>
				<ry>0.000000</ry>
				<rz>0.007334</rz>
				<state>1</state>
				<occlusion>-1</occlusion>
				<occlusion_kf>-1</occlusion_kf>
				<truncation>-1</truncation>
				<amt_occlusion>0.0</amt_occlusion>
				<amt_occlusion_kf>-1</amt_occlusion_kf>
				<amt_border_l>0.0</amt_border_l>
				<amt_border_r>0.0</amt_border_r>
				<amt_border_kf>-1</amt_border_kf>
			</item>
			<item>
				<tx>19.890087</tx>
				<ty>-0.021937</ty>
				<tz>-0.900000</tz>
				<rx>0.000000</rx>
				<ry>0.000000</ry>
				<rz>0.007334</rz>
				<state>1</state>
				<occlusion>-1</occlusion>
				<occlusion_kf>-1</occlusion_kf>
				<truncation>-1</truncation>
				<amt_occlusion>0.0</amt_occlusion>
				<amt_occlusion_kf>-1</amt_occlusion_kf>
				<amt_border_l>0.0</amt_border_l>
				<amt_border_r>0.0</amt_border_r>
				<amt_border_kf>-1</amt_border_kf>
			</item>
			<item>
				<tx>19.413122</tx>
				<ty>-0.168799</ty>
				<tz>-0.900000</tz>
				<rx>0.000000</rx>
				<ry>0.000000</ry>
				<rz>-0.205925</rz>
				<state>1</state>
				<occlusion>-1</occlusion>
				<occlusion_kf>-1</occlusion_kf>
				<truncation>-1</truncation>
				<amt_occlusion>0.0</amt_occlusion>
				<amt_occlusion_kf>-1</amt_occlusion_kf>
				<amt_border_l>0.0</amt_border_l>
				<amt_border_r>0.0</amt_border_r>
				<amt_border_kf>-1</amt_border_kf>
			</item>
			<item>
				<tx>19.413122</tx>
				<ty>-0.168799</ty>
				<tz>-0.900000</tz>
				<rx>0.000000</rx>
				<ry>0.000000</ry>
				<rz>-0.205925</rz>
				<state>1</state>
				<occlusion>-1</occlusion>
				<occlusion_kf>-1</occlusion_kf>
				<truncation>-1</truncation>
				<amt_occlusion>0.0</amt_occlusion>
				<amt_occlusion_kf>-1</amt_occlusion_kf>
				<amt_border_l>0.0</amt_border_l>
				<amt_border_r>0.0</amt_border_r>
				<amt_border_kf>-1</amt_border_kf>
			</item>
			<item>
				<tx>19.413122</tx>
				<ty>-0.168799</ty>
				<tz>-0.900000</tz>
				<rx>0.000000</rx>
				<ry>0.000000</ry>
				<rz>-0.205925</rz>
				<state>1</state>
				<occlusion>-1</occlusion>
				<occlusion_kf>-1</occlusion_kf>
				<truncation>-1</truncation>
				<amt_occlusion>0.0</amt_occlusion>
				<amt_occlusion_kf>-1</amt_occlusion_kf>
				<amt_border_l>0.0</amt_border_l>
				<amt_border_r>0.0</amt_border_r>
				<amt_border_kf>-1</amt_border_kf>
			</item>
			<item>
				<tx>19.264776</tx>
				<ty>-0.090311</ty>
				<tz>-0.900000</tz>
				<rx>0.000000</rx>
				<ry>0.000000</ry>
				<rz>-0.174076</rz>
				<state>1</state>
				<occlusion>-1</occlusion>
				<occlusion_kf>-1</occlusion_kf>
				<truncation>-1</truncation>
				<amt_occlusion>0.0</amt_occlusion>
				<amt_occlusion_kf>-1</amt_occlusion_kf>
				<amt_border_l>0.0</amt_border_l>
				<amt_border_r>0.0</amt_border_r>
				<amt_border_kf>-1</amt_border_kf>
			</item>
			<item>
				<tx>19.264776</tx>
				<ty>-0.090311</ty>
				<tz>-0.900000</tz>
				<rx>0.000000</rx>
				<ry>0.000000</ry>
				<rz>-0.174076</rz>
				<state>1</state>
				<occlusion>-1</occlusion>
				<occlusion_kf>-1</occlusion_kf>
				<truncation>-1</truncation>
				<amt_occlusion>0.0</amt_occlusion>
				<amt_occlusion_kf>-1</amt_occlusion_kf>
				<amt_border_l>0.0</amt_border_l>
				<amt_border_r>0.0</amt_border_r>
				<amt_border_kf>-1</amt_border_kf>
			</item>
			<item>
				<tx>18.206655</tx>
				<ty>-0.186869</ty>
				<tz>-0.900000</tz>
				<rx>0.000000</rx>
				<ry>0.000000</ry>
				<rz>-0.159494</rz>
				<state>1</state>
				<occlusion>-1</occlusion>
				<occlusion_kf>-1</occlusion_kf>
				<truncation>-1</truncation>
				<amt_occlusion>0.0</amt_occlusion>
				<amt_occlusion_kf>-1</amt_occlusion_kf>
				<amt_border_l>0.0</amt_border_l>
				<amt_border_r>0.0</amt_border_r>
				<amt_border_kf>-1</amt_border_kf>
			</item>
			<item>
				<tx>18.206655</tx>
				<ty>-0.186869</ty>
				<tz>-0.900000</tz>
				<rx>0.000000</rx>
				<ry>0.000000</ry>
				<rz>-0.159494</rz>
				<state>1</state>
				<occlusion>-1</occlusion>
				<occlusion_kf>-1</occlusion_kf>
				<truncation>-1</truncation>
				<amt_occlusion>0.0</amt_occlusion>
				<amt_occlusion_kf>-1</amt_occlusion_kf>
				<amt_border_l>0.0</amt_border_l>
				<amt_border_r>0.0</amt_border_r>
				<amt_border_kf>-1</amt_border_kf>
			</item>
			<item>
				<tx>17.772924</tx>
				<ty>-0.116190</ty>
				<tz>-0.900000</tz>
				<rx>0.000000</rx>
				<ry>0.000000</ry>
				<rz>-0.114177</rz>
				<state>1</state>
				<occlusion>-1</occlusion>
				<occlusion_kf>-1</occlusion_kf>
				<truncation>-1</truncation>
				<amt_occlusion>0.0</amt_occlusion>
				<amt_occlusion_kf>-1</amt_occlusion_kf>
				<amt_border_l>0.0</amt_border_l>
				<amt_border_r>0.0</amt_border_r>
				<amt_border_kf>-1</amt_border_kf>
			</item>
			<item>
				<tx>17.772924</tx>
				<ty>-0.116190</ty>
				<tz>-0.900000</tz>
				<rx>0.000000</rx>
				<ry>0.000000</ry>
				<rz>-0.114177</rz>
				<state>1</state>
				<occlusion>-1</occlusion>
				<occlusion_kf>-1</occlusion_kf>
				<truncation>-1</truncation>
				<amt_occlusion>0.0</amt_occlusion>
				<amt_occlusion_kf>-1</amt_occlusion_kf>
				<amt_border_l>0.0</amt_border_l>
				<amt_border_r>0.0</amt_border_r>
				<amt_border_kf>-1</amt_border_kf>
			</item>
			<item>
				<tx>17.772924</tx>
				<ty>-0.116190</ty>
				<tz>-0.900000</tz>
				<rx>0.000000</rx>
				<ry>0.000000</ry>
				<rz>-0.114177</rz>
				<state>1</state>
				<occlusion>-1</occlusion>
				<occlusion_kf>-1</occlusion_kf>
				<truncation>-1</truncation>
				<amt_occlusion>0.0</amt_occlusion>
				<amt_occlusion_kf>-1</amt_occlusion_kf>
				<amt_border_l>0.0</amt_border_l>
				<amt_border_r>0.0</amt_border_r>
				<amt_border_kf>-1</amt_border_kf>
			</item>
			<item>
				<tx>17.082420</tx>
				<ty>-0.071164</ty>
				<tz>-0.900000</tz>
				<rx>0.000000</rx>
				<ry>0.000000</ry>
				<rz>-0.139996</rz>
				<state>1</state>
				<occlusion>-1</occlusion>
				<occlusion_kf>-1</occlusion_kf>
				<truncation>-1</truncation>
				<amt_occlusion>0.0</amt_occlusion>
				<amt_occlusion_kf>-1</amt_occlusion_kf>
				<amt_border_l>0.0</amt_border_l>
				<amt_border_r>0.0</amt_border_r>
				<amt_border_kf>-1</amt_border_kf>
			</item>
			<item>
				<tx>17.082420</tx>
				<ty>-0.071164</ty>
				<tz>-0.900000</tz>
				<rx>0.000000</rx>
				<ry>0.000000</ry>
				<rz>-0.139996</rz>
				<state>1</state>
				<occlusion>-1</occlusion>
				<occlusion_kf>-1</occlusion_kf>
				<truncation>-1</truncation>
				<amt_occlusion>0.0</amt_occlusion>
				<amt_occlusion_kf>-1</amt_occlusion_kf>
				<amt_border_l>0.0</amt_border_l>
				<amt_border_r>0.0</amt_border_r>
				<amt_border_kf>-1</amt_border_kf>
			</item>
			<item>
				<tx>16.594186</tx>
				<ty>-0.011063</ty>
				<tz>-0.900000</tz>
				<rx>0.000000</rx>
				<ry>0.000000</ry>
				<rz>-0.065197</rz>
				<state>1</state>
				<occlusion>-1</occlusion>
				<occlusion_kf>-1</occlusion_kf>
				<truncation>-1</truncation>
				<amt_occlusion>0.0</amt_occlusion>
				<amt_occlusion_kf>-1</amt_occlusion_kf>
				<amt_border_l>0.0</amt_border_l>
				<amt_border_r>0.0</amt_border_r>
				<amt_border_kf>-1</amt_border_kf>
			</item>
			<item>
				<tx>16.594186</tx>
				<ty>-0.011063</ty>
				<tz>-0.900000</tz>
				<rx>0.000000</rx>
				<ry>0.000000</ry>
				<rz>-0.065197</rz>
				<state>1</state>
				<occlusion>-1</occlusion>
				<occlusion_kf>-1</occlusion_kf>
				<truncation>-1</truncation>
				<amt_occlusion>0.0</amt_occlusion>
				<amt_occlusion_kf>-1</amt_occlusion_kf>
				<amt_border_l>0.0</amt_border_l>
				<amt_border_r>0.0</amt_border_r>
				<amt_border_kf>-1</amt_border_kf>
			</item>
			<item>
				<tx>16.594186</tx>
				<ty>-0.011063</ty>
				<tz>-0.900000</tz>
				<rx>0.000000</rx>
				<ry>0.000000</ry>
				<rz>-0.065197</rz>
				<state>1</state>
				<occlusion>-1</occlusion>
				<occlusion_kf>-1</occlusion_kf>
				<truncation>-1</truncation>
				<amt_occlusion>0.0</amt_occlusion>
				<amt_occlusion_kf>-1</amt_occlusion_kf>
				<amt_border_l>0.0</amt_border_l>
				<amt_border_r>0.0</amt_border_r>
				<amt_border_kf>-1</amt_border_kf>
			</item>
			<item>
				<tx>16.188383</tx>
				<ty>-0.060142</ty>
				<tz>-0.900000</tz>
				<rx>0.000000</rx>
				<ry>0.000000</ry>
				<rz>-0.063695</rz>
				<state>1</state>
				<occlusion>-1</occlusion>
				<occlusion_kf>-1</occlusion_kf>
				<truncation>-1</truncation>
				<amt_occlusion>0.0</amt_occlusion>
				<amt_occlusion_kf>-1</amt_occlusion_kf>
				<amt_border_l>0.0</amt_border_l>
				<amt_border_r>0.0</amt_border_r>
				<amt_border_kf>-1</amt_border_kf>
			</item>
			<item>
				<tx>16.188383</tx>
				<ty>-0.060142</ty>
				<tz>-0.900000</tz>
				<rx>0.000000</rx>
				<ry>0.000000</ry>
				<rz>-0.063695</rz>
				<state>1</state>
				<occlusion>-1</occlusion>
				<occlusion_kf>-1</occlusion_kf>
				<truncation>-1</truncation>
				<amt_occlusion>0.0</amt_occlusion>
				<amt_occlusion_kf>-1</amt_occlusion_kf>
				<amt_border_l>0.0</amt_border_l>
				<amt_border_r>0.0</amt_border_r>
				<amt_border_kf>-1</amt_border_kf>
			</item>
			<item>
				<tx>15.485983</tx>
				<ty>-0.063553</ty>
				<tz>-0.900000</tz>
				<rx>0.000000</rx>
				<ry>0.000000</ry>
				<rz>-0.085704</rz>
				<state>1</state>
				<occlusion>-1</occlusion>
				<occlusion_kf>-1</occlusion_kf>
				<truncation>-1</truncation>
				<amt_occlusion>0.0</amt_occlusion>
				<amt_occlusion_kf>-1</amt_occlusion_kf>
				<amt_border_l>0.0</amt_border_l>
				<amt_border_r>0.0</amt_border_r>
				<amt_border_kf>-1</amt_border_kf>
			</item>
			<item>
				<tx>15.485983</tx>
				<ty>-0.063553</ty>
				<tz>-0.900000</tz>
				<rx>0.000000</rx>
				<ry>0.000000</ry>
				<rz>-0.085704</rz>
				<state>1</state>
				<occlusion>-1</occlusion>
				<occlusion_kf>-1</occlusion_kf>
				<truncation>-1</truncation>
				<amt_occlusion>0.0</amt_occlusion>
				<amt_occlusion_kf>-1</amt_occlusion_kf>
				<amt_border_l>0.0</amt_border_l>
				<amt_border_r>0.0</amt_border_r>
				<amt_border_kf>-1</amt_border_kf>
			</item>
			<item>
				<tx>15.072669</tx>
				<ty>-0.068488</ty>
				<tz>-0.900000</tz>
				<rx>0.000000</rx>
				<ry>0.000000</ry>
				<rz>-0.062209</rz>
				<state>1</state>
				<occlusion>-1</occlusion>
				<occlusion_kf>-1</occlusion_kf>
				<truncation>-1</truncation>
				<amt_occlusion>0.0</amt_occlusion>
				<amt_occlusion_kf>-1</amt_occlusion_kf>
				<amt_border_l>0.0</amt_border_l>
				<amt_border_r>0.0</amt_border_r>
				<amt_border_kf>-1</amt_border_kf>
			</item>
			<item>
				<tx>15.072669</tx>
				<ty>-0.068488</ty>
				<tz>-0.900000</tz>
				<rx>0.000000</rx>
				<ry>0.000000</ry>
				<rz>-0.062209</rz>
				<state>1</state>
				<occlusion>-1</occlusion>
				<occlusion_kf>-1</occlusion_kf>
				<truncation>-1</truncation>
				<amt_occlusion>0.0</amt_occlusion>
				<amt_occlusion_kf>-1</amt_occlusion_kf>
				<amt_border_l>0.0</amt_border_l>
				<amt_border_r>0.0</amt_border_r>
				<amt_border_kf>-1</amt_border_kf>
			</item>
			<item>
				<tx>15.072669</tx>
				<ty>-0.068488</ty>
				<tz>-0.900000</tz>
				<rx>0.000000</rx>
				<ry>0.000000</ry>
				<rz>-0.062209</rz>
				<state>1</state>
				<occlusion>-1</occlusion>
				<occlusion_kf>-1</occlusion_kf>
				<truncation>-1</truncation>
				<amt_occlusion>0.0</amt_occlusion>
				<amt_occlusion_kf>-1</amt_occlusion_kf>
				<amt_border_l>0.0</amt_border_l>
				<amt_border_r>0.0</amt_border_r>
				<amt_border_kf>-1</amt_border_kf>
			</item>
			<item>
				<tx>14.657792</tx>
				<ty>-0.061374</ty>
				<tz>-0.900000</tz>
				<rx>0.000000</rx>
				<ry>0.000000</ry>
				<rz>-0.115443</rz>
				<state>1</state>
				<occlusion>-1</occlusion>
				<occlusion_kf>-1</occlusion_kf>
				<truncation>-1</truncation>
				<amt_occlusion>0.0</amt_occlusion>
				<amt_occlusion_kf>-1</amt_occlusion_kf>
				<amt_border_l>0.0</amt_border_l>
				<amt_border_r>0.0</amt_border_r>
				<amt_border_kf>-1</amt_border_kf>
			</item>
			<item>
				<tx>14.657792</tx>
				<ty>-0.061374</ty>
				<tz>-0.900000</tz>
				<rx>0.000000</rx>
				<ry>0.000000</ry>
				<rz>-0.115443</rz>
				<state>1</state>
				<occlusion>-1</occlusion>
				<occlusion_kf>-1</occlusion_kf>
				<truncation>-1</truncation>
				<amt_occlusion>0.0</amt_occlusion>
				<amt_occlusion_kf>-1</amt_occlusion_kf>
				<amt_border_l>0.0</amt_border_l>
				<amt_border_r>0.0</amt_border_r>
				<amt_border_kf>-1</amt_border_kf>
			</item>
			<item>
				<tx>14.016359</tx>
				<ty>-0.185126</ty>
				<tz>-0.900000</tz>
				<rx>0.000000</rx>
				<ry>0.000000</ry>
				<rz>-0.304117</rz>
				<state>1</state>
				<occlusion>-1</occlusion>
				<occlusion_kf>-1</occlusion_kf>
				<truncation>-1</truncation>
				<amt_occlusion>0.0</amt_occlusion>
				<amt_occlusion_kf>-1</amt_occlusion_kf>
				<amt_border_l>0.0</amt_border_l>
				<amt_border_r>0.0</amt_border_r>
				<amt_border_kf>-1</amt_border_kf>
			</item>
			<item>
				<tx>14.016359</tx>
				<ty>-0.185126</ty>
				<tz>-0.900000</tz>
				<rx>0.000000</rx>
				<ry>0.000000</ry>
				<rz>-0.304117</rz>
				<state>1</state>
				<occlusion>-1</occlusion>
				<occlusion_kf>-1</occlusion_kf>
				<truncation>-1</truncation>
				<amt_occlusion>0.0</amt_occlusion>
				<amt_occlusion_kf>-1</amt_occlusion_kf>
				<amt_border_l>0.0</amt_border_l>
				<amt_border_r>0.0</amt_border_r>
				<amt_border_kf>-1</amt_border_kf>
			</item>
			<item>
				<tx>14.016359</tx>
				<ty>-0.185126</ty>
				<tz>-0.900000</tz>
				<rx>0.000000</rx>
				<ry>0.000000</ry>
				<rz>-0.304117</rz>
				<state>1</state>
				<occlusion>-1</occlusion>
				<occlusion_kf>-1</occlusion_kf>
				<truncation>-1</truncation>
				<amt_occlusion>0.0</amt_occlusion>
				<amt_occlusion_kf>-1</amt_occlusion_kf>
				<amt_border_l>0.0</amt_border_l>
				<amt_border_r>0.0</amt_border_r>
				<amt_border_kf>-1</amt_border_kf>
			</item>
			<item>
				<tx>13.788421</tx>
				<ty>-0.077949</ty>
				<tz>-0.900000</tz>
				<rx>0.000000</rx>
				<ry>0.000000</ry>
				<rz>-0.019601</rz>
				<state>1</state>
				<occlusion>-1</occlusion>
				<occlusion_kf>-1</occlusion_kf>
				<truncation>-1</truncation>
				<amt_occlusion>0.0</amt_occlusion>
				<amt_occlusion_kf>-1</amt_occlusion_kf>
				<amt_border_l>0.0</amt_border_l>
				<amt_border_r>0.0</amt_border_r>
				<amt_border_kf>-1</amt_border_kf>
			</item>
			<item>
				<tx>13.788421</tx>
				<ty>-0.077949</ty>
				<tz>-0.900000</tz>
				<rx>0.000000</rx>
				<ry>0.000000</ry>
				<rz>-0.019601</rz>
				<state>1</state>
				<occlusion>-1</occlusion>
				<occlusion_kf>-1</occlusion_kf>
				<truncation>-1</truncation>
				<amt_occlusion>0.0</amt_occlusion>
				<amt_occlusion_kf>-1</amt_occlusion_kf>
				<amt_border_l>0.0</amt_border_l>
				<amt_border_r>0.0</amt_border_r>
				<amt_border_kf>-1</amt_border_kf>
			</item>
			<item>
				<tx>13.512860</tx>
				<ty>0.026525</ty>
				<tz>-0.900000</tz>
				<rx>0.000000</rx>
				<ry>0.000000</ry>
				<rz>-0.062587</rz>
				<state>1</state>
				<occlusion>-1</occlusion>
				<occlusion_kf>-1</occlusion_kf>
				<truncation>-1</truncation>
				<amt_occlusion>0.0</amt_occlusion>
				<amt_occlusion_kf>-1</amt_occlusion_kf>
				<amt_border_l>0.0</amt_border_l>
				<amt_border_r>0.0</amt_border_r>
				<amt_border_kf>-1</amt_border_kf>
			</item>
			<item>
				<tx>13.512860</tx>
				<ty>0.026525</ty>
				<tz>-0.900000</tz>
				<rx>0.000000</rx>
				<ry>0.000000</ry>
				<rz>-0.062587</rz>
				<state>1</state>
				<occlusion>-1</occlusion>
				<occlusion_kf>-1</occlusion_kf>
				<truncation>-1</truncation>
				<amt_occlusion>0.0</amt_occlusion>
				<amt_occlusion_kf>-1</amt_occlusion_kf>
				<amt_border_l>0.0</amt_border_l>
				<amt_border_r>0.0</amt_border_r>
				<amt_border_kf>-1</amt_border_kf>
			</item>
			<item>
				<tx>13.083261</tx>
				<ty>-0.072724</ty>
				<tz>-0.900000</tz>
				<rx>0.000000</rx>
				<ry>0.000000</ry>
				<rz>-0.067647</rz>
				<state>1</state>
				<occlusion>-1</occlusion>
				<occlusion_kf>-1</occlusion_kf>
				<truncation>-1</truncation>
				<amt_occlusion>0.0</amt_occlusion>
				<amt_occlusion_kf>-1</amt_occlusion_kf>
				<amt_border_l>0.0</amt_border_l>
				<amt_border_r>0.0</amt_border_r>
				<amt_border_kf>-1</amt_border_kf>
			</item>
			<item>
				<tx>13.083261</tx>
				<ty>-0.072724</ty>
				<tz>-0.900000</tz>
				<rx>0.000000</rx>
				<ry>0.000000</ry>
				<rz>-0.067647</rz>
				<state>1</state>
				<occlusion>-1</occlusion>
				<occlusion_kf>-1</occlusion_kf>
				<truncation>-1</truncation>
				<amt_occlusion>0.0</amt_occlusion>
				<amt_occlusion_kf>-1</amt_occlusion_kf>
				<amt_border_l>0.0</amt_border_l>
				<amt_border_r>0.0</amt_border_r>
				<amt_border_kf>-1</amt_border_kf>
			</item>
			<item>
				<tx>13.083261</tx>
				<ty>-0.072724</ty>
				<tz>-0.900000</tz>
				<rx>0.000000</rx>
				<ry>0.000000</ry>
				<rz>-0.067647</rz>
				<state>1</state>
				<occlusion>-1</occlusion>
				<occlusion_kf>-1</occlusion_kf>
				<truncation>-1</truncation>
				<amt_occlusion>0.0</amt_occlusion>
				<amt_occlusion_kf>-1</amt_occlusion_kf>
				<amt_border_l>0.0</amt_border_l>
				<amt_border_r>0.0</amt_border_r>
				<amt_border_kf>-1</amt_border_kf>
			</item>
			<item>
				<tx>12.493956</tx>
				<ty>-0.115128</ty>
				<tz>-0.900000</tz>
				<rx>0.000000</rx>
				<ry>0.000000</ry>
				<rz>-0.129305</rz>
				<state>1</state>
				<occlusion>-1</occlusion>
				<occlusion_kf>-1</occlusion_kf>
				<truncation>-1</truncation>
				<amt_occlusion>0.0</amt_occlusion>
				<amt_occlusion_kf>-1</amt_occlusion_kf>
				<amt_border_l>0.0</amt_border_l>
				<amt_border_r>0.0</amt_border_r>
				<amt_border_kf>-1</amt_border_kf>
			</item>
			<item>
				<tx>12.493956</tx>
				<ty>-0.115128</ty>
				<tz>-0.900000</tz>
				<rx>0.000000</rx>
				<ry>0.000000</ry>
				<rz>-0.129305</rz>
				<state>1</state>
				<occlusion>-1</occlusion>
				<occlusion_kf>-1</occlusion_kf>
				<truncation>-1</truncation>
				<amt_occlusion>0.0</amt_occlusion>
				<amt_occlusion_kf>-1</amt_occlusion_kf>
				<amt_border_l>0.0</amt_border_l>
				<amt_border_r>0.0</amt_border_r>
				<amt_border_kf>-1</amt_border_kf>
			</item>
			<item>
				<tx>12.107484</tx>
				<ty>-0.111698</ty>
				<tz>-0.900000</tz>
				<rx>0.000000</rx>
				<ry>0.000000</ry>
				<rz>-0.222774</rz>
				<state>1</state>
				<occlusion>-1</occlusion>
				<occlusion_kf>-1</occlusion_kf>
				<truncation>-1</truncation>
				<amt_occlusion>0.0</amt_occlusion>
				<amt_occlusion_kf>-1</amt_occlusion_kf>
				<amt_border_l>0.0</amt_border_l>
				<amt_border_r>0.0</amt_border_r>
				<amt_border_kf>-1</amt_border_kf>
			</item>
			<item>
				<tx>12.107484</tx>
				<ty>-0.111698</ty>
				<tz>-0.900000</tz>
				<rx>0.000000</rx>
				<ry>0.000000</ry>
				<rz>-0.222774</rz>
				<state>1</state>
				<occlusion>-1</occlusion>
				<occlusion_kf>-1</occlusion_kf>
				<truncation>-1</truncation>
				<amt_occlusion>0.0</amt_occlusion>
				<amt_occlusion_kf>-1</amt_occlusion_kf>
				<amt_border_l>0.0</amt_border_l>
				<amt_border_r>0.0</amt_border_r>
				<amt_border_kf>-1</amt_border_kf>
			</item>
			<item>
				<tx>12.107484</tx>
				<ty>-0.111698</ty>
				<tz>-0.900000</tz>
				<rx>0.000000</rx>
				<ry>0.000000</ry>
				<rz>-0.222774</rz>
				<state>1</state>
				<occlusion>-1</occlusion>
				<occlusion_kf>-1</occlusion_kf>
				<truncation>-1</truncation>
				<amt_occlusion>0.0</amt_occlusion>
				<amt_occlusion_kf>-1</amt_occlusion_kf>
				<amt_border_l>0.0</amt_border_l>
				<amt_border_r>0.0</amt_border_r>
				<amt_border_kf>-1</amt_border_kf>
			</item>
			<item>
				<tx>11.776211</tx>
				<ty>-0.040259</ty>
				<tz>-0.900000</tz>
				<rx>0.000000</rx>
				<ry>0.000000</ry>
				<rz>-0.226323</rz>
				<state>1</state>
				<occlusion>-1</occlusion>
				<occlusion_kf>-1</occlusion_kf>
				<truncation>-1</truncation>
				<amt_occlusion>0.0</amt_occlusion>
				<amt_occlusion_kf>-1</amt_occlusion_kf>
				<amt_border_l>0.0</amt_border_l>
				<amt_border_r>0.0</amt_border_r>
				<amt_border_kf>-1</amt_border_kf>
			</item>
			<item>
				<tx>11.776211</tx>
				<ty>-0.040259</ty>
				<tz>-0.900000</tz>
				<rx>0.000000</rx>
				<ry>0.000000</ry>
				<rz>-0.226323</rz>
				<state>1</state>
				<occlusion>-1</occlusion>
				<occlusion_kf>-1</occlusion_kf>
				<truncation>-1</truncation>
				<amt_occlusion>0.0</amt_occlusion>
				<amt_occlusion_kf>-1</amt_occlusion_kf>
				<amt_border_l>0.0</amt_border_l>
				<amt_border_r>0.0</amt_border_r>
				<amt_border_kf>-1</amt_border_kf>
			</item>
			<item>
				<tx>11.575149</tx>
				<ty>0.048638</ty>
				<tz>-0.900000</tz>
				<rx>0.000000</rx>
				<ry>0.000000</ry>
				<rz>-0.086532</rz>
				<state>1</state>
				<occlusion>-1</occlusion>
				<occlusion_kf>-1</occlusion_kf>
				<truncation>-1</truncation>
				<amt_occlusion>0.0</amt_occlusion>
				<amt_occlusion_kf>-1</amt_occlusion_kf>
				<amt_border_l>0.0</amt_border_l>
				<amt_border_r>0.0</amt_border_r>
				<amt_border_kf>-1</amt_border_kf>
			</item>
			<item>
				<tx>11.575149</tx>
				<ty>0.048638</ty>
				<tz>-0.900000</tz>
				<rx>0.000000</rx>
				<ry>0.000000</ry>
				<rz>-0.086532</rz>
				<state>1</state>
				<occlusion>-1</occlusion>
				<occlusion_kf>-1</occlusion_kf>
				<truncation>-1</truncation>
				<amt_occlusion>0.0</amt_occlusion>
				<amt_occlusion_kf>-1</amt_occlusion_kf>
				<amt_border_l>0.0</amt_border_l>
				<amt_border_r>0.0</amt_border_r>
				<amt_border_kf>-1</amt_border_kf>
			</item>
			<item>
				<tx>11.403311</tx>
				<ty>0.158831</ty>
				<tz>-0.900000</tz>
				<rx>0.000000</rx>
				<ry>0.000000</ry>
				<rz>-0.029658</rz>
				<state>1</state>
				<occlusion>-1</occlusion>
				<occlusion_kf>-1</occlusion_kf>
				<truncation>-1</truncation>
				<amt_occlusion>0.0</amt_occlusion>
				<amt_occlusion_kf>-1</amt_occlusion_kf>
				<amt_border_l>0.0</amt_border_l>
				<amt_border_r>0.0</amt_border_r>
				<amt_border_kf>-1</amt_border_kf>
			</item>
			<item>
				<tx>11.403311</tx>
				<ty>0.158831</ty>
				<tz>-0.900000</tz>
				<rx>0.000000</rx>
				<ry>0.000000</ry>
				<rz>-0.029658</rz>
				<state>1</state>
				<occlusion>-1</occlusion>
				<occlusion_kf>-1</occlusion_kf>
				<truncation>-1</truncation>
				<amt_occlusion>0.0</amt_occlusion>
				<amt_occlusion_kf>-1</amt_occlusion_kf>
				<amt_border_l>0.0</amt_border_l>
				<amt_border_r>0.0</amt_border_r>
				<amt_border_kf>-1</amt_border_kf>
			</item>
			<item>
				<tx>11.403311</tx>
				<ty>0.158831</ty>
				<tz>-0.900000</tz>
				<rx>0.000000</rx>
				<ry>0.000000</ry>
				<rz>-0.029658</rz>
				<state>1</state>
				<occlusion>-1</occlusion>
				<occlusion_kf>-1</occlusion_kf>
				<truncation>-1</truncation>
				<amt_occlusion>0.0</amt_occlusion>
				<amt_occlusion_kf>-1</amt_occlusion_kf>
				<amt_border_l>0.0</amt_border_l>
				<amt_border_r>0.0</amt_border_r>
				<amt_border_kf>-1</amt_border_kf>
			</item>
			<item>
				<tx>11.097464</tx>
				<ty>-0.008988</ty>
				<tz>-0.900000</tz>
				<rx>0.000000</rx>
				<ry>0.000000</ry>
				<rz>-0.108359</rz>
				<state>1</state>
				<occlusion>-1</occlusion>
				<occlusion_kf>-1</occlusion_kf>
				<truncation>-1</truncation>
				<amt_occlusion>0.0</amt_occlusion>
				<amt_occlusion_kf>-1</amt_occlusion_kf>
				<amt_border_l>0.0</amt_border_l>
				<amt_border_r>0.0</amt_border_r>
				<amt_border_kf>-1</amt_border_kf>
			</item>
			<item>
				<tx>11.097464</tx>
				<ty>-0.008988</ty>
				<tz>-0.900000</tz>
				<rx>0.000000</rx>
				<ry>0.000000</ry>
				<rz>-0.108359</rz>
				<state>1</state>
				<occlusion>-1</occlusion>
				<occlusion_kf>-1</occlusion_kf>
				<truncation>-1</truncation>
				<amt_occlusion>0.0</amt_occlusion>
				<amt_occlusion_kf>-1</amt_occlusion_kf>
				<amt_border_l>0.0</amt_border_l>
				<amt_border_r>0.0</amt_border_r>
				<amt_border_kf>-1</amt_border_kf>
			</item>
			<item>
				<tx>10.781867</tx>
				<ty>0.052490</ty>
				<tz>-0.900000</tz>
				<rx>0.000000</rx>
				<ry>0.000000</ry>
				<rz>-0.112916</rz>
				<state>1</state>
				<occlusion>-1</occlusion>
				<occlusion_kf>-1</occlusion_kf>
				<truncation>-1</truncation>
				<amt_occlusion>0.0</amt_occlusion>
				<amt_occlusion_kf>-1</amt_occlusion_kf>
				<amt_border_l>0.0</amt_border_l>
				<amt_border_r>0.0</amt_border_r>
				<amt_border_kf>-1</amt_border_kf>
			</item>
			<item>
				<tx>10.781867</tx>
				<ty>0.052490</ty>
				<tz>-0.900000</tz>
				<rx>0.000000</rx>
				<ry>0.000000</ry>
				<rz>-0.112916</rz>
				<state>1</state>
				<occlusion>-1</occlusion>
				<occlusion_kf>-1</occlusion_kf>
				<truncation>-1</truncation>
				<amt_occlusion>0.0</amt_occlusion>
				<amt_occlusion_kf>-1</amt_occlusion_kf>
				<amt_border_l>0.0</amt_border_l>
				<amt_border_r>0.0</amt_border_r>
				<amt_border_kf>-1</amt_border_kf>
			</item>
			<item>
				<tx>10.781867</tx>
				<ty>0.052490</ty>
				<tz>-0.900000</tz>
				<rx>0.000000</rx>
				<ry>0.000000</ry>
				<rz>-0.112916</rz>
				<state>1</state>
				<occlusion>-1</occlusion>
				<occlusion_kf>-1</occlusion_kf>
				<truncation>-1</truncation>
				<amt_occlusion>0.0</amt_occlusion>
				<amt_occlusion_kf>-1</amt_occlusion_kf>
				<amt_border_l>0.0</amt_border_l>
				<amt_border_r>0.0</amt_border_r>
				<amt_border_kf>-1</amt_border_kf>
			</item>
			<item>
				<tx>10.561242</tx>
				<ty>0.010534</ty>
				<tz>-0.900000</tz>
				<rx>0.000000</rx>
				<ry>0.000000</ry>
				<rz>-0.135667</rz>
				<state>1</state>
				<occlusion>-1</occlusion>
				<occlusion_kf>-1</occlusion_kf>
				<truncation>-1</truncation>
				<amt_occlusion>0.0</amt_occlusion>
				<amt_occlusion_kf>-1</amt_occlusion_kf>
				<amt_border_l>0.0</amt_border_l>
				<amt_border_r>0.0</amt_border_r>
				<amt_border_kf>-1</amt_border_kf>
			</item>
			<item>
				<tx>10.561242</tx>
				<ty>0.010534</ty>
				<tz>-0.900000</tz>
				<rx>0.000000</rx>
				<ry>0.000000</ry>
				<rz>-0.135667</rz>
				<state>1</state>
				<occlusion>-1</occlusion>
				<occlusion_kf>-1</occlusion_kf>
				<truncation>-1</truncation>
				<amt_occlusion>0.0</amt_occlusion>
				<amt_occlusion_kf>-1</amt_occlusion_kf>
				<amt_border_l>0.0</amt_border_l>
				<amt_border_r>0.0</amt_border_r>
				<amt_border_kf>-1</amt_border_kf>
			</item>
			<item>
				<tx>10.453014</tx>
				<ty>0.102877</ty>
				<tz>-0.900000</tz>
				<rx>0.000000</rx>
				<ry>0.000000</ry>
				<rz>-0.024127</rz>
				<state>1</state>
				<occlusion>-1</occlusion>
				<occlusion_kf>-1</occlusion_kf>
				<truncation>-1</truncation>
				<amt_occlusion>0.0</amt_occlusion>
				<amt_occlusion_kf>-1</amt_occlusion_kf>
				<amt_border_l>0.0</amt_border_l>
				<amt_border_r>0.0</amt_border_r>
				<amt_border_kf>-1</amt_border_kf>
			</item>
			<item>
				<tx>10.453014</tx>
				<ty>0.102877</ty>
				<tz>-0.900000</tz>
				<rx>0.000000</rx>
				<ry>0.000000</ry>
				<rz>-0.024127</rz>
				<state>1</state>
				<occlusion>-1</occlusion>
				<occlusion_kf>-1</occlusion_kf>
				<truncation>-1</truncation>
				<amt_occlusion>0.0</amt_occlusion>
				<amt_occlusion_kf>-1</amt_occlusion_kf>
				<amt_border_l>0.0</amt_border_l>
				<amt_border_r>0.0</amt_border_r>
				<amt_border_kf>-1</amt_border_kf>
			</item>
			<item>
				<tx>10.144372</tx>
				<ty>0.092571</ty>
				<tz>-0.900000</tz>
				<rx>0.000000</rx>
				<ry>0.000000</ry>
				<rz>-0.020619</rz>
				<state>1</state>
				<occlusion>-1</occlusion>
				<occlusion_kf>-1</occlusion_kf>
				<truncation>-1</truncation>
				<amt_occlusion>0.0</amt_occlusion>
				<amt_occlusion_kf>-1</amt_occlusion_kf>
				<amt_border_l>0.0</amt_border_l>
				<amt_border_r>0.0</amt_border_r>
				<amt_border_kf>-1</amt_border_kf>
			</item>
			<item>
				<tx>10.144372</tx>
				<ty>0.092571</ty>
				<tz>-0.900000</tz>
				<rx>0.000000</rx>
				<ry>0.000000</ry>
				<rz>-0.020619</rz>
				<state>1</state>
				<occlusion>-1</occlusion>
				<occlusion_kf>-1</occlusion_kf>
				<truncation>-1</truncation>
				<amt_occlusion>0.0</amt_occlusion>
				<amt_occlusion_kf>-1</amt_occlusion_kf>
				<amt_border_l>0.0</amt_border_l>
				<amt_border_r>0.0</amt_border_r>
				<amt_border_kf>-1</amt_border_kf>
			</item>
			<item>
				<tx>10.144372</tx>
				<ty>0.092571</ty>
				<tz>-0.900000</tz>
				<rx>0.000000</rx>
				<ry>0.000000</ry>
				<rz>-0.020619</rz>
				<state>1</state>
				<occlusion>-1</occlusion>
				<occlusion_kf>-1</occlusion_kf>
				<truncation>-1</truncation>
				<amt_occlusion>0.0</amt_occlusion>
				<amt_occlusion_kf>-1</amt_occlusion_kf>
				<amt_border_l>0.0</amt_border_l>
				<amt_border_r>0.0</amt_border_r>
				<amt_border_kf>-1</amt_border_kf>
			</item>
			<item>
				<tx>10.464464</tx>
				<ty>-0.050889</ty>
				<tz>-0.900000</tz>
				<rx>0.000000</rx>
				<ry>0.000000</ry>
				<rz>-0.142899</rz>
				<state>1</state>
				<occlusion>-1</occlusion>
				<occlusion_kf>-1</occlusion_kf>
				<truncation>-1</truncation>
				<amt_occlusion>0.0</amt_occlusion>
				<amt_occlusion_kf>-1</amt_occlusion_kf>
				<amt_border_l>0.0</amt_border_l>
				<amt_border_r>0.0</amt_border_r>
				<amt_border_kf>-1</amt_border_kf>
			</item>
			<item>
				<tx>10.464464</tx>
				<ty>-0.050889</ty>
				<tz>-0.900000</tz>
				<rx>0.000000</rx>
				<ry>0.000000</ry>
				<rz>-0.142899</rz>
				<state>1</state>
				<occlusion>-1</occlusion>
				<occlusion_kf>-1</occlusion_kf>
				<truncation>-1</truncation>
				<amt_occlusion>0.0</amt_occlusion>
				<amt_occlusion_kf>-1</amt_occlusion_kf>
				<amt_border_l>0.0</amt_border_l>
				<amt_border_r>0.0</amt_border_r>
				<amt_border_kf>-1</amt_border_kf>
			</item>
			<item>
				<tx>10.075868</tx>
				<ty>0.013619</ty>
				<tz>-0.900000</tz>
				<rx>0.000000</rx>
				<ry>0.000000</ry>
				<rz>-0.129510</rz>
				<state>1</state>
				<occlusion>-1</occlusion>
				<occlusion_kf>-1</occlusion_kf>
				<truncation>-1</truncation>
				<amt_occlusion>0.0</amt_occlusion>
				<amt_occlusion_kf>-1</amt_occlusion_kf>
				<amt_border_l>0.0</amt_border_l>
				<amt_border_r>0.0</amt_border_r>
				<amt_border_kf>-1</amt_border_kf>
			</item>
			<item>
				<tx>10.075868</tx>
				<ty>0.013619</ty>
				<tz>-0.900000</tz>
				<rx>0.000000</rx>
				<ry>0.000000</ry>
				<rz>-0.129510</rz>
				<state>1</state>
				<occlusion>-1</occlusion>
				<occlusion_kf>-1</occlusion_kf>
				<truncation>-1</truncation>
				<amt_occlusion>0.0</amt_occlusion>
				<amt_occlusion_kf>-1</amt_occlusion_kf>
				<amt_border_l>0.0</amt_border_l>
				<amt_border_r>0.0</amt_border_r>
				<amt_border_kf>-1</amt_border_kf>
			</item>
			<item>
				<tx>10.075868</tx>
				<ty>0.013619</ty>
				<tz>-0.900000</tz>
				<rx>0.000000</rx>
				<ry>0.000000</ry>
				<rz>-0.129510</rz>
				<state>1</state>
				<occlusion>-1</occlusion>
				<occlusion_kf>-1</occlusion_kf>
				<truncation>-1</truncation>
				<amt_occlusion>0.0</amt_occlusion>
				<amt_occlusion_kf>-1</amt_occlusion_kf>
				<amt_border_l>0.0</amt_border_l>
				<amt_border_r>0.0</amt_border_r>
				<amt_border_kf>-1</amt_border_kf>
			</item>
			<item>
				<tx>9.952528</tx>
				<ty>0.079995</ty>
				<tz>-0.900000</tz>
				<rx>0.000000</rx>
				<ry>0.000000</ry>
				<rz>-0.044619</rz>
				<state>1</state>
				<occlusion>-1</occlusion>
				<occlusion_kf>-1</occlusion_kf>
				<truncation>-1</truncation>
				<amt_occlusion>0.0</amt_occlusion>
				<amt_occlusion_kf>-1</amt_occlusion_kf>
				<amt_border_l>0.0</amt_border_l>
				<amt_border_r>0.0</amt_border_r>
				<amt_border_kf>-1</amt_border_kf>
			</item>
			<item>
				<tx>9.952528</tx>
				<ty>0.079995</ty>
				<tz>-0.900000</tz>
				<rx>0.000000</rx>
				<ry>0.000000</ry>
				<rz>-0.044619</rz>
				<state>1</state>
				<occlusion>-1</occlusion>
				<occlusion_kf>-1</occlusion_kf>
				<truncation>-1</truncation>
				<amt_occlusion>0.0</amt_occlusion>
				<amt_occlusion_kf>-1</amt_occlusion_kf>
				<amt_border_l>0.0</amt_border_l>
				<amt_border_r>0.0</amt_border_r>
				<amt_border_kf>-1</amt_border_kf>
			</item>
			<item>
				<tx>9.587114</tx>
				<ty>-0.003788</ty>
				<tz>-0.900000</tz>
				<rx>0.000000</rx>
				<ry>0.000000</ry>
				<rz>-0.077974</rz>
				<state>1</state>
				<occlusion>-1</occlusion>
				<occlusion_kf>-1</occlusion_kf>
				<truncation>-1</truncation>
				<amt_occlusion>0.0</amt_occlusion>
				<amt_occlusion_kf>-1</amt_occlusion_kf>
				<amt_border_l>0.0</amt_border_l>
				<amt_border_r>0.0</amt_border_r>
				<amt_border_kf>-1</amt_border_kf>
			</item>
			<item>
				<tx>9.587114</tx>
				<ty>-0.003788</ty>
				<tz>-0.900000</tz>
				<rx>0.000000</rx>
				<ry>0.000000</ry>
				<rz>-0.077974</rz>
				<state>1</state>
				<occlusion>-1</occlusion>
				<occlusion_kf>-1</occlusion_kf>
				<truncation>-1</truncation>
				<amt_occlusion>0.0</amt_occlusion>
				<amt_occlusion_kf>-1</amt_occlusion_kf>
				<amt_border_l>0.0</amt_border_l>
				<amt_border_r>0.0</amt_border_r>
				<amt_border_kf>-1</amt_border_kf>
			</item>
			<item>
				<tx>9.365515</tx>
				<ty>0.027764</ty>
				<tz>-0.900000</tz>
				<rx>0.000000</rx>
				<ry>0.000000</ry>
				<rz>-0.088451</rz>
				<state>1</state>
				<occlusion>-1</occlusion>
				<occlusion_kf>-1</occlusion_kf>
				<truncation>-1</truncation>
				<amt_occlusion>0.0</amt_occlusion>
				<amt_occlusion_kf>-1</amt_occlusion_kf>
				<amt_border_l>0.0</amt_border_l>
				<amt_border_r>0.0</amt_border_r>
				<amt_border_kf>-1</amt_border_kf>
			</item>
			<item>
				<tx>9.365515</tx>
				<ty>0.027764</ty>
				<tz>-0.900000</tz>
				<rx>0.000000</rx>
				<ry>0.000000</ry>
				<rz>-0.088451</rz>
				<state>1</state>
				<occlusion>-1</occlusion>
				<occlusion_kf>-1</occlusion_kf>
				<truncation>-1</truncation>
				<amt_occlusion>0.0</amt_occlusion>
				<amt_occlusion_kf>-1</amt_occlusion_kf>
				<amt_border_l>0.0</amt_border_l>
				<amt_border_r>0.0</amt_border_r>
				<amt_border_kf>-1</amt_border_kf>
			</item>
			<item>
				<tx>9.365515</tx>
				<ty>0.027764</ty>
				<tz>-0.900000</tz>
				<rx>0.000000</rx>
				<ry>0.000000</ry>
				<rz>-0.088451</rz>
				<state>1</state>
				<occlusion>-1</occlusion>
				<occlusion_kf>-1</occlusion_kf>
				<truncation>-1</truncation>
				<amt_occlusion>0.0</amt_occlusion>
				<amt_occlusion_kf>-1</amt_occlusion_kf>
				<amt_border_l>0.0</amt_border_l>
				<amt_border_r>0.0</amt_border_r>
				<amt_border_kf>-1</amt_border_kf>
			</item>
			<item>
				<tx>9.229289</tx>
				<ty>-0.038517</ty>
				<tz>-0.900000</tz>
				<rx>0.000000</rx>
				<ry>0.000000</ry>
				<rz>-0.213250</rz>
				<state>1</state>
				<occlusion>-1</occlusion>
				<occlusion_kf>-1</occlusion_kf>
				<truncation>-1</truncation>
				<amt_occlusion>0.0</amt_occlusion>
				<amt_occlusion_kf>-1</amt_occlusion_kf>
				<amt_border_l>0.0</amt_border_l>
				<amt_border_r>0.0</amt_border_r>
				<amt_border_kf>-1</amt_border_kf>
			</item>
			<item>
				<tx>9.229289</tx>
				<ty>-0.038517</ty>
				<tz>-0.900000</tz>
				<rx>0.000000</rx>
				<ry>0.000000</ry>
				<rz>-0.213250</rz>
				<state>1</state>
				<occlusion>-1</occlusion>
				<occlusion_kf>-1</occlusion_kf>
				<truncation>-1</truncation>
				<amt_occlusion>0.0</amt_occlusion>
				<amt_occlusion_kf>-1</amt_occlusion_kf>
				<amt_border_l>0.0</amt_border_l>
				<amt_border_r>0.0</amt_border_r>
				<amt_border_kf>-1</amt_border_kf>
			</item>
			<item>
				<tx>9.078288</tx>
				<ty>0.063473</ty>
				<tz>-0.900000</tz>
				<rx>0.000000</rx>
				<ry>0.000000</ry>
				<rz>-0.064317</rz>
				<state>1</state>
				<occlusion>-1</occlusion>
				<occlusion_kf>-1</occlusion_kf>
				<truncation>-1</truncation>
				<amt_occlusion>0.0</amt_occlusion>
				<amt_occlusion_kf>-1</amt_occlusion_kf>
				<amt_border_l>0.0</amt_border_l>
				<amt_border_r>0.0</amt_border_r>
				<amt_border_kf>-1</amt_border_kf>
			</item>
			<item>
				<tx>9.078288</tx>
				<ty>0.063473</ty>
				<tz>-0.900000</tz>
				<rx>0.000000</rx>
				<ry>0.000000</ry>
				<rz>-0.064317</rz>
				<state>1</state>
				<occlusion>-1</occlusion>
				<occlusion_kf>-1</occlusion_kf>
				<truncation>-1</truncation>
				<amt_occlusion>0.0</amt_occlusion>
				<amt_occlusion_kf>-1</amt_occlusion_kf>
				<amt_border_l>0.0</amt_border_l>
				<amt_border_r>0.0</amt_border_r>
				<amt_border_kf>-1</amt_border_kf>
			</item>
			<item>
				<tx>9.078288</tx>
				<ty>0.063473</ty>
				<tz>-0.900000</tz>
				<rx>0.000000</rx>
				<ry>0.000000</ry>
				<rz>-0.064317</rz>
				<state>1</state>
				<occlusion>-1</occlusion>
				<occlusion_kf>-1</occlusion_kf>
				<truncation>-1</truncation>
				<amt_occlusion>0.0</amt_occlusion>
				<amt_occlusion_kf>-1</amt_occlusion_kf>
				<amt_border_l>0.0</amt_border_l>
				<amt_border_r>0.0</amt_border_r>
				<amt_border_kf>-1</amt_border_kf>
			</item>
			<item>
				<tx>8.954963</tx>
				<ty>0.024340</ty>
				<tz>-0.900000</tz>
				<rx>0.000000</rx>
				<ry>0.000000</ry>
				<rz>-0.100224</rz>
				<state>1</state>
				<occlusion>-1</occlusion>
				<occlusion_kf>-1</occlusion_kf>
				<truncation>-1</truncation>
				<amt_occlusion>0.0</amt_occlusion>
				<amt_occlusion_kf>-1</amt_occlusion_kf>
				<amt_border_l>0.0</amt_border_l>
				<amt_border_r>0.0</amt_border_r>
				<amt_border_kf>-1</amt_border_kf>
			</item>
			<item>
				<tx>8.954963</tx>
				<ty>0.024340</ty>
				<tz>-0.900000</tz>
				<rx>0.000000</rx>
				<ry>0.000000</ry>
				<rz>-0.100224</rz>
				<state>1</state>
				<occlusion>-1</occlusion>
				<occlusion_kf>-1</occlusion_kf>
				<truncation>-1</truncation>
				<amt_occlusion>0.0</amt_occlusion>
				<amt_occlusion_kf>-1</amt_occlusion_kf>
				<amt_border_l>0.0</amt_border_l>
				<amt_border_r>0.0</amt_border_r>
				<amt_border_kf>-1</amt_border_kf>
			</item>
			<item>
				<tx>8.850643</tx>
				<ty>0.034719</ty>
				<tz>-0.900000</tz>
				<rx>0.000000</rx>
				<ry>0.000000</ry>
				<rz>-0.037189</rz>
				<state>1</state>
				<occlusion>-1</occlusion>
				<occlusion_kf>-1</occlusion_kf>
				<truncation>-1</truncation>
				<amt_occlusion>0.0</amt_occlusion>
				<amt_occlusion_kf>-1</amt_occlusion_kf>
				<amt_border_l>0.0</amt_border_l>
				<amt_border_r>0.0</amt_border_r>
				<amt_border_kf>-1</amt_border_kf>
			</item>
			<item>
				<tx>8.850643</tx>
				<ty>0.034719</ty>
				<tz>-0.900000</tz>
				<rx>0.000000</rx>
				<ry>0.000000</ry>
				<rz>-0.037189</rz>
				<state>1</state>
				<occlusion>-1</occlusion>
				<occlusion_kf>-1</occlusion_kf>
				<truncation>-1</truncation>
				<amt_occlusion>0.0</amt_occlusion>
				<amt_occlusion_kf>-1</amt_occlusion_kf>
				<amt_border_l>0.0</amt_border_l>
				<amt_border_r>0.0</amt_border_r>
				<amt_border_kf>-1</amt_border_kf>
			</item>
			<item>
				<tx>8.988618</tx>
				<ty>-0.021738</ty>
				<tz>-0.900000</tz>
				<rx>0.000000</rx>
				<ry>0.000000</ry>
				<rz>-0.096341</rz>
				<state>1</state>
				<occlusion>-1</occlusion>
				<occlusion_kf>-1</occlusion_kf>
				<truncation>-1</truncation>
				<amt_occlusion>0.0</amt_occlusion>
				<amt_occlusion_kf>-1</amt_occlusion_kf>
				<amt_border_l>0.0</amt_border_l>
				<amt_border_r>0.0</amt_border_r>
				<amt_border_kf>-1</amt_border_kf>
			</item>
			<item>
				<tx>8.988618</tx>
				<ty>-0.021738</ty>
				<tz>-0.900000</tz>
				<rx>0.000000</rx>
				<ry>0.000000</ry>
				<rz>-0.096341</rz>
				<state>1</state>
				<occlusion>-1</occlusion>
				<occlusion_kf>-1</occlusion_kf>
				<truncation>-1</truncation>
				<amt_occlusion>0.0</amt_occlusion>
				<amt_occlusion_kf>-1</amt_occlusion_kf>
				<amt_border_l>0.0</amt_border_l>
				<amt_border_r>0.0</amt_border_r>
				<amt_border_kf>-1</amt_border_kf>
			</item>
			<item>
				<tx>8.988618</tx>
				<ty>-0.021738</ty>
				<tz>-0.900000</tz>
				<rx>0.000000</rx>
				<ry>0.000000</ry>
				<rz>-0.096341</rz>
				<state>1</state>
				<occlusion>-1</occlusion>
				<occlusion_kf>-1</occlusion_kf>
				<truncation>-1</truncation>
				<amt_occlusion>0.0</amt_occlusion>
				<amt_occlusion_kf>-1</amt_occlusion_kf>
				<amt_border_l>0.0</amt_border_l>
				<amt_border_r>0.0</amt_border_r>
				<amt_border_kf>-1</amt_border_kf>
			</item>
			<item>
				<tx>8.987705</tx>
				<ty>0.011285</ty>
				<tz>-0.900000</tz>
				<rx>0.000000</rx>
				<ry>0.000000</ry>
				<rz>-0.102301</rz>
				<state>1</state>
				<occlusion>-1</occlusion>
				<occlusion_kf>-1</occlusion_kf>
				<truncation>-1</truncation>
				<amt_occlusion>0.0</amt_occlusion>
				<amt_occlusion_kf>-1</amt_occlusion_kf>
				<amt_border_l>0.0</amt_border_l>
				<amt_border_r>0.0</amt_border_r>
				<amt_border_kf>-1</amt_border_kf>
			</item>
			<item>
				<tx>8.987705</tx>
				<ty>0.011285</ty>
				<tz>-0.900000</tz>
				<rx>0.000000</rx>
				<ry>0.000000</ry>
				<rz>-0.102301</rz>
				<state>1</state>
				<occlusion>-1</occlusion>
				<occlusion_kf>-1</occlusion_kf>
				<truncation>-1</truncation>
				<amt_occlusion>0.0</amt_occlusion>
				<amt_occlusion_kf>-1</amt_occlusion_kf>
				<amt_border_l>0.0</amt_border_l>
				<amt_border_r>0.0</amt_border_r>
				<amt_border_kf>-1</amt_border_kf>
			</item>
			<item>
				<tx>9.034077</tx>
				<ty>0.072442</ty>
				<tz>-0.900000</tz>
				<rx>0.000000</rx>
				<ry>0.000000</ry>
				<rz>-0.048539</rz>
				<state>1</state>
				<occlusion>-1</occlusion>
				<occlusion_kf>-1</occlusion_kf>
				<truncation>-1</truncation>
				<amt_occlusion>0.0</amt_occlusion>
				<amt_occlusion_kf>-1</amt_occlusion_kf>
				<amt_border_l>0.0</amt_border_l>
				<amt_border_r>0.0</amt_border_r>
				<amt_border_kf>-1</amt_border_kf>
			</item>
			<item>
				<tx>9.034077</tx>
				<ty>0.072442</ty>
				<tz>-0.900000</tz>
				<rx>0.000000</rx>
				<ry>0.000000</ry>
				<rz>-0.048539</rz>
				<state>1</state>
				<occlusion>-1</occlusion>
				<occlusion_kf>-1</occlusion_kf>
				<truncation>-1</truncation>
				<amt_occlusion>0.0</amt_occlusion>
				<amt_occlusion_kf>-1</amt_occlusion_kf>
				<amt_border_l>0.0</amt_border_l>
				<amt_border_r>0.0</amt_border_r>
				<amt_border_kf>-1</amt_border_kf>
			</item>
			<item>
				<tx>9.034077</tx>
				<ty>0.072442</ty>
				<tz>-0.900000</tz>
				<rx>0.000000</rx>
				<ry>0.000000</ry>
				<rz>-0.048539</rz>
				<state>1</state>
				<occlusion>-1</occlusion>
				<occlusion_kf>-1</occlusion_kf>
				<truncation>-1</truncation>
				<amt_occlusion>0.0</amt_occlusion>
				<amt_occlusion_kf>-1</amt_occlusion_kf>
				<amt_border_l>0.0</amt_border_l>
				<amt_border_r>0.0</amt_border_r>
				<amt_border_kf>-1</amt_border_kf>
			</item>
			<item>
				<tx>9.140293</tx>
				<ty>0.164532</ty>
				<tz>-0.900000</tz>
				<rx>0.000000</rx>
				<ry>0.000000</ry>
				<rz>0.034614</rz>
				<state>1</state>
				<occlusion>-1</occlusion>
				<occlusion_kf>-1</occlusion_kf>
				<truncation>-1</truncation>
				<amt_occlusion>0.0</amt_occlusion>
				<amt_occlusion_kf>-1</amt_occlusion_kf>
				<amt_border_l>0.0</amt_border_l>
				<amt_border_r>0.0</amt_border_r>
				<amt_border_kf>-1</amt_border_kf>
			</item>
			<item>
				<tx>9.140293</tx>
				<ty>0.164532</ty>
				<tz>-0.900000</tz>
				<rx>0.000000</rx>
				<ry>0.000000</ry>
				<rz>0.034614</rz>
				<state>1</state>
				<occlusion>-1</occlusion>
				<occlusion_kf>-1</occlusion_kf>
				<truncation>-1</truncation>
				<amt_occlusion>0.0</amt_occlusion>
				<amt_occlusion_kf>-1</amt_occlusion_kf>
				<amt_border_l>0.0</amt_border_l>
				<amt_border_r>0.0</amt_border_r>
				<amt_border_kf>-1</amt_border_kf>
			</item>
			<item>
				<tx>9.108688</tx>
				<ty>0.193951</ty>
				<tz>-0.900000</tz>
				<rx>0.000000</rx>
				<ry>0.000000</ry>
				<rz>0.067939</rz>
				<state>1</state>
				<occlusion>-1</occlusion>
				<occlusion_kf>-1</occlusion_kf>
				<truncation>-1</truncation>
				<amt_occlusion>0.0</amt_occlusion>
				<amt_occlusion_kf>-1</amt_occlusion_kf>
				<amt_border_l>0.0</amt_border_l>
				<amt_border_r>0.0</amt_border_r>
				<amt_border_kf>-1</amt_border_kf>
			</item>
			<item>
				<tx>9.108688</tx>
				<ty>0.193951</ty>
				<tz>-0.900000</tz>
				<rx>0.000000</rx>
				<ry>0.000000</ry>
				<rz>0.067939</rz>
				<state>1</state>
				<occlusion>-1</occlusion>
				<occlusion_kf>-1</occlusion_kf>
				<truncation>-1</truncation>
				<amt_occlusion>0.0</amt_occlusion>
				<amt_occlusion_kf>-1</amt_occlusion_kf>
				<amt_border_l>0.0</amt_border_l>
				<amt_border_r>0.0</amt_border_r>
				<amt_border_kf>-1</amt_border_kf>
			</item>
			<item>
				<tx>9.083602</tx>
				<ty>0.086837</ty>
				<tz>-0.900000</tz>
				<rx>0.000000</rx>
				<ry>0.000000</ry>
				<rz>-0.025320</rz>
				<state>1</state>
				<occlusion>-1</occlusion>
				<occlusion_kf>-1</occlusion_kf>
				<truncation>-1</truncation>
				<amt_occlusion>0.0</amt_occlusion>
				<amt_occlusion_kf>-1</amt_occlusion_kf>
				<amt_border_l>0.0</amt_border_l>
				<amt_border_r>0.0</amt_border_r>
				<amt_border_kf>-1</amt_border_kf>
			</item>
			<item>
				<tx>9.083602</tx>
				<ty>0.086837</ty>
				<tz>-0.900000</tz>
				<rx>0.000000</rx>
				<ry>0.000000</ry>
				<rz>-0.025320</rz>
				<state>1</state>
				<occlusion>-1</occlusion>
				<occlusion_kf>-1</occlusion_kf>
				<truncation>-1</truncation>
				<amt_occlusion>0.0</amt_occlusion>
				<amt_occlusion_kf>-1</amt_occlusion_kf>
				<amt_border_l>0.0</amt_border_l>
				<amt_border_r>0.0</amt_border_r>
				<amt_border_kf>-1</amt_border_kf>
			</item>
			<item>
				<tx>9.083602</tx>
				<ty>0.086837</ty>
				<tz>-0.900000</tz>
				<rx>0.000000</rx>
				<ry>0.000000</ry>
				<rz>-0.025320</rz>
				<state>1</state>
				<occlusion>-1</occlusion>
				<occlusion_kf>-1</occlusion_kf>
				<truncation>-1</truncation>
				<amt_occlusion>0.0</amt_occlusion>
				<amt_occlusion_kf>-1</amt_occlusion_kf>
				<amt_border_l>0.0</amt_border_l>
				<amt_border_r>0.0</amt_border_r>
				<amt_border_kf>-1</amt_border_kf>
			</item>
			<item>
				<tx>9.163962</tx>
				<ty>0.112432</ty>
				<tz>-0.900000</tz>
				<rx>0.000000</rx>
				<ry>0.000000</ry>
				<rz>-0.055758</rz>
				<state>1</state>
				<occlusion>-1</occlusion>
				<occlusion_kf>-1</occlusion_kf>
				<truncation>-1</truncation>
				<amt_occlusion>0.0</amt_occlusion>
				<amt_occlusion_kf>-1</amt_occlusion_kf>
				<amt_border_l>0.0</amt_border_l>
				<amt_border_r>0.0</amt_border_r>
				<amt_border_kf>-1</amt_border_kf>
			</item>
			<item>
				<tx>9.163962</tx>
				<ty>0.112432</ty>
				<tz>-0.900000</tz>
				<rx>0.000000</rx>
				<ry>0.000000</ry>
				<rz>-0.055758</rz>
				<state>1</state>
				<occlusion>-1</occlusion>
				<occlusion_kf>-1</occlusion_kf>
				<truncation>-1</truncation>
				<amt_occlusion>0.0</amt_occlusion>
				<amt_occlusion_kf>-1</amt_occlusion_kf>
				<amt_border_l>0.0</amt_border_l>
				<amt_border_r>0.0</amt_border_r>
				<amt_border_kf>-1</amt_border_kf>
			</item>
			<item>
				<tx>9.082020</tx>
				<ty>0.107589</ty>
				<tz>-0.900000</tz>
				<rx>0.000000</rx>
				<ry>0.000000</ry>
				<rz>-0.000637</rz>
				<state>1</state>
				<occlusion>-1</occlusion>
				<occlusion_kf>-1</occlusion_kf>
				<truncation>-1</truncation>
				<amt_occlusion>0.0</amt_occlusion>
				<amt_occlusion_kf>-1</amt_occlusion_kf>
				<amt_border_l>0.0</amt_border_l>
				<amt_border_r>0.0</amt_border_r>
				<amt_border_kf>-1</amt_border_kf>
			</item>
			<item>
				<tx>9.082020</tx>
				<ty>0.107589</ty>
				<tz>-0.900000</tz>
				<rx>0.000000</rx>
				<ry>0.000000</ry>
				<rz>-0.000637</rz>
				<state>1</state>
				<occlusion>-1</occlusion>
				<occlusion_kf>-1</occlusion_kf>
				<truncation>-1</truncation>
				<amt_occlusion>0.0</amt_occlusion>
				<amt_occlusion_kf>-1</amt_occlusion_kf>
				<amt_border_l>0.0</amt_border_l>
				<amt_border_r>0.0</amt_border_r>
				<amt_border_kf>-1</amt_border_kf>
			</item>
			<item>
				<tx>9.082020</tx>
				<ty>0.107589</ty>
				<tz>-0.900000</tz>
				<rx>0.000000</rx>
				<ry>0.000000</ry>
				<rz>-0.000637</rz>
				<state>1</state>
				<occlusion>-1</occlusion>
				<occlusion_kf>-1</occlusion_kf>
				<truncation>-1</truncation>
				<amt_occlusion>0.0</amt_occlusion>
				<amt_occlusion_kf>-1</amt_occlusion_kf>
				<amt_border_l>0.0</amt_border_l>
				<amt_border_r>0.0</amt_border_r>
				<amt_border_kf>-1</amt_border_kf>
			</item>
			<item>
				<tx>9.196308</tx>
				<ty>0.161550</ty>
				<tz>-0.900000</tz>
				<rx>0.000000</rx>
				<ry>0.000000</ry>
				<rz>0.013752</rz>
				<state>1</state>
				<occlusion>-1</occlusion>
				<occlusion_kf>-1</occlusion_kf>
				<truncation>-1</truncation>
				<amt_occlusion>0.0</amt_occlusion>
				<amt_occlusion_kf>-1</amt_occlusion_kf>
				<amt_border_l>0.0</amt_border_l>
				<amt_border_r>0.0</amt_border_r>
				<amt_border_kf>-1</amt_border_kf>
			</item>
			<item>
				<tx>9.196308</tx>
				<ty>0.161550</ty>
				<tz>-0.900000</tz>
				<rx>0.000000</rx>
				<ry>0.000000</ry>
				<rz>0.013752</rz>
				<state>1</state>
				<occlusion>-1</occlusion>
				<occlusion_kf>-1</occlusion_kf>
				<truncation>-1</truncation>
				<amt_occlusion>0.0</amt_occlusion>
				<amt_occlusion_kf>-1</amt_occlusion_kf>
				<amt_border_l>0.0</amt_border_l>
				<amt_border_r>0.0</amt_border_r>
				<amt_border_kf>-1</amt_border_kf>
			</item>
			<item>
				<tx>9.193045</tx>
				<ty>0.152172</ty>
				<tz>-0.900000</tz>
				<rx>0.000000</rx>
				<ry>0.000000</ry>
				<rz>-0.024685</rz>
				<state>1</state>
				<occlusion>-1</occlusion>
				<occlusion_kf>-1</occlusion_kf>
				<truncation>-1</truncation>
				<amt_occlusion>0.0</amt_occlusion>
				<amt_occlusion_kf>-1</amt_occlusion_kf>
				<amt_border_l>0.0</amt_border_l>
				<amt_border_r>0.0</amt_border_r>
				<amt_border_kf>-1</amt_border_kf>
			</item>
			<item>
				<tx>9.193045</tx>
				<ty>0.152172</ty>
				<tz>-0.900000</tz>
				<rx>0.000000</rx>
				<ry>0.000000</ry>
				<rz>-0.024685</rz>
				<state>1</state>
				<occlusion>-1</occlusion>
				<occlusion_kf>-1</occlusion_kf>
				<truncation>-1</truncation>
				<amt_occlusion>0.0</amt_occlusion>
				<amt_occlusion_kf>-1</amt_occlusion_kf>
				<amt_border_l>0.0</amt_border_l>
				<amt_border_r>0.0</amt_border_r>
				<amt_border_kf>-1</amt_border_kf>
			</item>
			<item>
				<tx>9.105380</tx>
				<ty>0.111416</ty>
				<tz>-0.900000</tz>
				<rx>0.000000</rx>
				<ry>0.000000</ry>
				<rz>-0.008990</rz>
				<state>1</state>
				<occlusion>-1</occlusion>
				<occlusion_kf>-1</occlusion_kf>
				<truncation>-1</truncation>
				<amt_occlusion>0.0</amt_occlusion>
				<amt_occlusion_kf>-1</amt_occlusion_kf>
				<amt_border_l>0.0</amt_border_l>
				<amt_border_r>0.0</amt_border_r>
				<amt_border_kf>-1</amt_border_kf>
			</item>
			<item>
				<tx>9.105380</tx>
				<ty>0.111416</ty>
				<tz>-0.900000</tz>
				<rx>0.000000</rx>
				<ry>0.000000</ry>
				<rz>-0.008990</rz>
				<state>1</state>
				<occlusion>-1</occlusion>
				<occlusion_kf>-1</occlusion_kf>
				<truncation>-1</truncation>
				<amt_occlusion>0.0</amt_occlusion>
				<amt_occlusion_kf>-1</amt_occlusion_kf>
				<amt_border_l>0.0</amt_border_l>
				<amt_border_r>0.0</amt_border_r>
				<amt_border_kf>-1</amt_border_kf>
			</item>
			<item>
				<tx>9.105380</tx>
				<ty>0.111416</ty>
				<tz>-0.900000</tz>
				<rx>0.000000</rx>
				<ry>0.000000</ry>
				<rz>-0.008990</rz>
				<state>1</state>
				<occlusion>-1</occlusion>
				<occlusion_kf>-1</occlusion_kf>
				<truncation>-1</truncation>
				<amt_occlusion>0.0</amt_occlusion>
				<amt_occlusion_kf>-1</amt_occlusion_kf>
				<amt_border_l>0.0</amt_border_l>
				<amt_border_r>0.0</amt_border_r>
				<amt_border_kf>-1</amt_border_kf>
			</item>
			<item>
				<tx>9.173422</tx>
				<ty>0.135101</ty>
				<tz>-0.900000</tz>
				<rx>0.000000</rx>
				<ry>0.000000</ry>
				<rz>-0.027409</rz>
				<state>1</state>
				<occlusion>-1</occlusion>
				<occlusion_kf>-1</occlusion_kf>
				<truncation>-1</truncation>
				<amt_occlusion>0.0</amt_occlusion>
				<amt_occlusion_kf>-1</amt_occlusion_kf>
				<amt_border_l>0.0</amt_border_l>
				<amt_border_r>0.0</amt_border_r>
				<amt_border_kf>-1</amt_border_kf>
			</item>
			<item>
				<tx>9.173422</tx>
				<ty>0.135101</ty>
				<tz>-0.900000</tz>
				<rx>0.000000</rx>
				<ry>0.000000</ry>
				<rz>-0.027409</rz>
				<state>1</state>
				<occlusion>-1</occlusion>
				<occlusion_kf>-1</occlusion_kf>
				<truncation>-1</truncation>
				<amt_occlusion>0.0</amt_occlusion>
				<amt_occlusion_kf>-1</amt_occlusion_kf>
				<amt_border_l>0.0</amt_border_l>
				<amt_border_r>0.0</amt_border_r>
				<amt_border_kf>-1</amt_border_kf>
			</item>
			<item>
				<tx>9.151246</tx>
				<ty>0.104263</ty>
				<tz>-0.900000</tz>
				<rx>0.000000</rx>
				<ry>0.000000</ry>
				<rz>-0.020027</rz>
				<state>1</state>
				<occlusion>-1</occlusion>
				<occlusion_kf>-1</occlusion_kf>
				<truncation>-1</truncation>
				<amt_occlusion>0.0</amt_occlusion>
				<amt_occlusion_kf>-1</amt_occlusion_kf>
				<amt_border_l>0.0</amt_border_l>
				<amt_border_r>0.0</amt_border_r>
				<amt_border_kf>-1</amt_border_kf>
			</item>
			<item>
				<tx>9.151246</tx>
				<ty>0.104263</ty>
				<tz>-0.900000</tz>
				<rx>0.000000</rx>
				<ry>0.000000</ry>
				<rz>-0.020027</rz>
				<state>1</state>
				<occlusion>-1</occlusion>
				<occlusion_kf>-1</occlusion_kf>
				<truncation>-1</truncation>
				<amt_occlusion>0.0</amt_occlusion>
				<amt_occlusion_kf>-1</amt_occlusion_kf>
				<amt_border_l>0.0</amt_border_l>
				<amt_border_r>0.0</amt_border_r>
				<amt_border_kf>-1</amt_border_kf>
			</item>
			<item>
				<tx>9.151246</tx>
				<ty>0.104263</ty>
				<tz>-0.900000</tz>
				<rx>0.000000</rx>
				<ry>0.000000</ry>
				<rz>-0.020027</rz>
				<state>1</state>
				<occlusion>-1</occlusion>
				<occlusion_kf>-1</occlusion_kf>
				<truncation>-1</truncation>
				<amt_occlusion>0.0</amt_occlusion>
				<amt_occlusion_kf>-1</amt_occlusion_kf>
				<amt_border_l>0.0</amt_border_l>
				<amt_border_r>0.0</amt_border_r>
				<amt_border_kf>-1</amt_border_kf>
			</item>
			<item>
				<tx>9.069411</tx>
				<ty>0.115045</ty>
				<tz>-0.900000</tz>
				<rx>0.000000</rx>
				<ry>0.000000</ry>
				<rz>-0.038111</rz>
				<state>1</state>
				<occlusion>-1</occlusion>
				<occlusion_kf>-1</occlusion_kf>
				<truncation>-1</truncation>
				<amt_occlusion>0.0</amt_occlusion>
				<amt_occlusion_kf>-1</amt_occlusion_kf>
				<amt_border_l>0.0</amt_border_l>
				<amt_border_r>0.0</amt_border_r>
				<amt_border_kf>-1</amt_border_kf>
			</item>
			<item>
				<tx>9.069411</tx>
				<ty>0.115045</ty>
				<tz>-0.900000</tz>
				<rx>0.000000</rx>
				<ry>0.000000</ry>
				<rz>-0.038111</rz>
				<state>1</state>
				<occlusion>-1</occlusion>
				<occlusion_kf>-1</occlusion_kf>
				<truncation>-1</truncation>
				<amt_occlusion>0.0</amt_occlusion>
				<amt_occlusion_kf>-1</amt_occlusion_kf>
				<amt_border_l>0.0</amt_border_l>
				<amt_border_r>0.0</amt_border_r>
				<amt_border_kf>-1</amt_border_kf>
			</item>
			<item>
				<tx>9.128247</tx>
				<ty>0.113787</ty>
				<tz>-0.900000</tz>
				<rx>0.000000</rx>
				<ry>0.000000</ry>
				<rz>-0.011696</rz>
				<state>1</state>
				<occlusion>-1</occlusion>
				<occlusion_kf>-1</occlusion_kf>
				<truncation>-1</truncation>
				<amt_occlusion>0.0</amt_occlusion>
				<amt_occlusion_kf>-1</amt_occlusion_kf>
				<amt_border_l>0.0</amt_border_l>
				<amt_border_r>0.0</amt_border_r>
				<amt_border_kf>-1</amt_border_kf>
			</item>
			<item>
				<tx>9.128247</tx>
				<ty>0.113787</ty>
				<tz>-0.900000</tz>
				<rx>0.000000</rx>
				<ry>0.000000</ry>
				<rz>-0.011696</rz>
				<state>1</state>
				<occlusion>-1</occlusion>
				<occlusion_kf>-1</occlusion_kf>
				<truncation>-1</truncation>
				<amt_occlusion>0.0</amt_occlusion>
				<amt_occlusion_kf>-1</amt_occlusion_kf>
				<amt_border_l>0.0</amt_border_l>
				<amt_border_r>0.0</amt_border_r>
				<amt_border_kf>-1</amt_border_kf>
			</item>
			<item>
				<tx>9.083777</tx>
				<ty>0.133242</ty>
				<tz>-0.900000</tz>
				<rx>0.000000</rx>
				<ry>0.000000</ry>
				<rz>-0.036608</rz>
				<state>1</state>
				<occlusion>-1</occlusion>
				<occlusion_kf>-1</occlusion_kf>
				<truncation>-1</truncation>
				<amt_occlusion>0.0</amt_occlusion>
				<amt_occlusion_kf>-1</amt_occlusion_kf>
				<amt_border_l>0.0</amt_border_l>
				<amt_border_r>0.0</amt_border_r>
				<amt_border_kf>-1</amt_border_kf>
			</item>
			<item>
				<tx>9.083777</tx>
				<ty>0.133242</ty>
				<tz>-0.900000</tz>
				<rx>0.000000</rx>
				<ry>0.000000</ry>
				<rz>-0.036608</rz>
				<state>1</state>
				<occlusion>-1</occlusion>
				<occlusion_kf>-1</occlusion_kf>
				<truncation>-1</truncation>
				<amt_occlusion>0.0</amt_occlusion>
				<amt_occlusion_kf>-1</amt_occlusion_kf>
				<amt_border_l>0.0</amt_border_l>
				<amt_border_r>0.0</amt_border_r>
				<amt_border_kf>-1</amt_border_kf>
			</item>
			<item>
				<tx>9.083777</tx>
				<ty>0.133242</ty>
				<tz>-0.900000</tz>
				<rx>0.000000</rx>
				<ry>0.000000</ry>
				<rz>-0.036608</rz>
				<state>1</state>
				<occlusion>-1</occlusion>
				<occlusion_kf>-1</occlusion_kf>
				<truncation>-1</truncation>
				<amt_occlusion>0.0</amt_occlusion>
				<amt_occlusion_kf>-1</amt_occlusion_kf>
				<amt_border_l>0.0</amt_border_l>
				<amt_border_r>0.0</amt_border_r>
				<amt_border_kf>-1</amt_border_kf>
			</item>
		</poses>
		<finished>1</finished>
	</item>
</tracklets>
</boost_serialization> 
